artist,title,label,format,price,media_condition,sleeve_condition
Albert Giménez,Escapada!,Filobus Records,"LP, Album",30.0,Very Good Plus (VG+),Good Plus (G+)
Avengers,Avengers,Superior Viaduct,"LP, Comp, RE",20.0,Mint (M),Mint (M)
Bantam Rooster,Deal Me In,Crypt Records,"LP, Album",8.0,Very Good Plus (VG+),Very Good Plus (VG+)
Basement 5,1965 - 1980,Phonogram,LP,20.0,Very Good Plus (VG+),Very Good Plus (VG+)
Chris Rea,Shamrock Diaries,Magnet (2),"LP, Album, Red",12.0,Very Good Plus (VG+),Very Good Plus (VG+)
David Bowie,1. Outside (The Nathan Adler Diaries: A Hyper Cycle),Arista,"Cass, Album",5.0,Very Good Plus (VG+),Very Good Plus (VG+)
Deviated Instinct,Nailed,Prophecy Records (4),"12""",40.0,Very Good Plus (VG+),Good Plus (G+)
The Dictators,Bloodbrothers,Asylum Records,"LP, Album, Promo, Spe",18.0,Near Mint (NM or M-),Very Good Plus (VG+)
Disastroid,Mortal Fools,Heavy Psych Sounds,"LP, Album",22.0,Near Mint (NM or M-),Mint (M)
The Edgar Broughton Band,Wasa Wasa,"EMI, EMI Electrola","LP, Album, RE",12.0,Very Good Plus (VG+),Very Good Plus (VG+)
Electro Hippies,The Only Good Punk... Is A Dead One,Peaceville,"LP, Album, RP, Pin",20.0,Near Mint (NM or M-),Very Good Plus (VG+)
Eric Feremans,The Antwerp Killer,Finders Keepers Records,"LP, RE",20.0,Mint (M),Mint (M)
Ether (2),Music For Air Raids V2.0,Rotorelief,"LP, Album, Ltd, Num",15.0,Very Good Plus (VG+),Near Mint (NM or M-)
Frank Zappa,Studio Tan,Discreet,"LP, Album",18.0,Near Mint (NM or M-),Very Good Plus (VG+)
Hollywood Brats,The Hollywood Brats,Enfer Records,"LP, Album",35.0,Near Mint (NM or M-),Near Mint (NM or M-)
Hunters & Collectors,Hunters + Collectors,Virgin,"LP, Album",10.0,Very Good Plus (VG+),Very Good Plus (VG+)
Ideku Dynasty,Ideku Dynasty,Safran,"LP, Album",50.0,Very Good Plus (VG+),Near Mint (NM or M-)
Iron Maiden,No Prayer For The Dying,"EMI, EMI","Cass, Album",6.0,Near Mint (NM or M-),Very Good Plus (VG+)
Jean Cohen-Solal,Captain Tarthopom,SouffleContinu Records,"LP, Album, RE, Cle",20.0,Mint (M),Mint (M)
Jean Guérin,Tacet,"SouffleContinu Records, Futura Records (2)","LP, RE",17.0,Mint (M),Mint (M)
King Crimson,Islands,Island Records,"LP, Album",25.0,Near Mint (NM or M-),Very Good Plus (VG+)
King Crimson,Starless And Bible Black,Island Records,"LP, Album, Gat",20.0,Very Good Plus (VG+),Near Mint (NM or M-)
Kortatu,El Estado De Las Cosas,"Oihuka, Bondage International","LP, Album",20.0,Very Good Plus (VG+),Very Good Plus (VG+)
Matt Bianco,Whose Side Are You On,"WEA, WEA","LP, Album",8.0,Near Mint (NM or M-),Very Good Plus (VG+)
Mory Kanté,N'Diarabi,"Mandingo Productions, Mandingo Productions","LP, Album",35.0,Very Good Plus (VG+),Very Good Plus (VG+)
The Mothers,Fillmore East - June 1971,Reprise Records,"LP, Album, RE",20.0,Near Mint (NM or M-),Near Mint (NM or M-)
New Race,The First And The Last,Line Records,"LP, Album",20.0,Near Mint (NM or M-),Very Good Plus (VG+)
Nuclear Device (2),Tonnerre A La Une!,Bondage Records,"LP, Album",18.0,Very Good Plus (VG+),Very Good Plus (VG+)
Paul Chaplain And His Emeralds,Mr. Nicotine,"White Label Records (7), White Label Records (7)",LP,9.0,Very Good Plus (VG+),Very Good (VG)
The Pirates (3),Out Of Their Skulls,Warner Bros. Records,"LP, Album",15.0,Very Good Plus (VG+),Very Good Plus (VG+)
Raudive Bunker Experiment,Raudive Bunker Experiment,Youdonthavetocallitmusic,"2xLP, Comp, Ltd, Num",15.0,Mint (M),Near Mint (NM or M-)
The Sillies (2),America's Most Wanton,Rocket Science Records (2),"LP, Comp",22.0,Very Good Plus (VG+),Very Good Plus (VG+)
Skids,Scared To Dance,Virgin,"LP, Album",15.0,Very Good Plus (VG+),Very Good Plus (VG+)
So Much Hate,Blind Alley,X-Mist Records,"LP, Album",16.0,Very Good Plus (VG+),Very Good (VG)
Tapper Zukie,M.P.L.A.,Kingston Sounds,"LP, Album, RE, 180",15.0,Very Good Plus (VG+),Very Good Plus (VG+)
The Teenbeats,Surf Bound,Norton Records (2),"LP, Comp",12.0,Very Good Plus (VG+),Very Good Plus (VG+)
Tom Verlaine,Cover,Virgin,"LP, Album",10.0,Very Good Plus (VG+),Very Good Plus (VG+)
Various,At The Party!,"Candy Records (2), Candy Records (2)","LP, Comp",15.0,Very Good Plus (VG+),Very Good Plus (VG+)
Various,High School Rumble Vol 1 ,High School Rumble Records,"LP, Comp",14.0,Near Mint (NM or M-),Very Good Plus (VG+)
Various,Too Much Goin' On - 16 Yellpin' Scalpin' Pow-Wowing Tunes,Candy Records (2),"LP, Comp",18.0,Very Good Plus (VG+),Very Good Plus (VG+)
Various,Trans-World Punk Rave-Up Volume One,Crypt Records,"LP, Comp, RE",12.0,Very Good Plus (VG+),Very Good Plus (VG+)
The Vibrators,V2,"Epic, Epic","LP, Album",30.0,Near Mint (NM or M-),Very Good Plus (VG+)
Antena,Life Is Too Short,New Dance,"12""",12.0,Very Good Plus (VG+),Very Good Plus (VG+)
The Art Ensemble Of Chicago,Live In Berlin,West Wind,"2xCD, Album, RP",15.0,Mint (M),Near Mint (NM or M-)
The Art Ensemble Of Chicago,Nice Guys,ECM Records,"CD, Album, Ltd, RE, Pap",50.0,Mint (M),Very Good Plus (VG+)
Aurelia Lewis Meets Lee Perry,Full Experience,Blue Moon Productions,"12""",35.0,Very Good Plus (VG+),Very Good (VG)
The B-52's,Cosmic Thing,"Reprise Records, Reprise Records, Reprise Records","Cass, Album",8.0,Very Good Plus (VG+),Very Good Plus (VG+)
The Beatles,1967 - 1970 Vol.1 & Vol.2,Apple Records,"2xCass, Comp, RE",5.0,Very Good Plus (VG+),Very Good (VG)
The Beatles,Volume 2,EMI,"Cass, Album",10.0,Very Good Plus (VG+),Very Good Plus (VG+)
Blaine L. Reininger / Mikel Rouse,Colorado Suite,Music-Box,"12"", MiniAlbum",15.0,Very Good Plus (VG+),Very Good (VG)
Blaine L. Reininger & Alain Goutier,Paris En Automne,Music-Box,"12"", MiniAlbum",10.0,Very Good Plus (VG+),Very Good Plus (VG+)
Charles Mingus,The Great Concert Of Charles Mingus,"Universal Music Jazz France, EmArcy","2xCD, RE, RM",25.0,Near Mint (NM or M-),Near Mint (NM or M-)
Chet Baker,1953-1974,"Columbia, Sony Music Media, Columbia, Sony Music Media","CD, Comp, Dig",10.0,Mint (M),Near Mint (NM or M-)
Chet Baker,"Chet Baker Sings , Plays Live At The Keystone Korner","HighNote Records, Inc.","CD, Album",12.0,Mint (M),Near Mint (NM or M-)
Chet Baker,Chet Baker With Fifty Italian Strings,"Original Jazz Classics, JAZZLAND","CD, Album, RE, RM",8.0,Mint (M),Near Mint (NM or M-)
Chet Baker,Kind Of Baker,T2 Entertainment,"10xCD, Album + Box, Comp",15.0,Mint (M),Near Mint (NM or M-)
Chet Baker,Quartet Featuring Dick Twardzik,Universal Music Jazz France,"CD, Album, RM",10.0,Mint (M),Near Mint (NM or M-)
The Chet Baker Quintet,Cool Burnin' With The Chet Baker Quintet,Prestige,"CD, Album, RE, RM",10.0,Near Mint (NM or M-),Very Good Plus (VG+)
"Choeurs Russes De La Cathédrale Saint Alexandre Nevsky, Paris , Direction Eugène Evetz",Anthologie De La Musique Orthodoxe Russe Vol. 1,Edici,LP,10.0,Very Good Plus (VG+),Very Good Plus (VG+)
Chris Isaak,Wicked Game,"Reprise Records, Reprise Records","Cass, Comp",5.0,Near Mint (NM or M-),Near Mint (NM or M-)
Clifford Brown And Max Roach,Clifford Brown And Max Roach,Verve Records,"CD, Album, RE, RM, Dig",8.0,Mint (M),Very Good Plus (VG+)
Comus,To Keep From Crying,Virgin,"LP, Album",30.0,Very Good Plus (VG+),Very Good (VG)
The Creatures,Anima Animus,"Instinct Records, Instinct Records","CD, Album",10.0,Very Good Plus (VG+),Very Good Plus (VG+)
The Creatures,Hybrids,"Instinct Records, Sioux Records, Hydrogen Dukebox","CD, Comp",8.0,Very Good Plus (VG+),Very Good Plus (VG+)
Dave Brubeck,Time Was,Proper Records (2),"4xCD, Comp + Box",10.0,Mint (M),Very Good Plus (VG+)
David Bowie,David Bowie,Decca,"2xLP, Comp",25.0,Very Good Plus (VG+),Very Good Plus (VG+)
David Bowie,Diamond Dogs,"EMI, EMI","2xCD, Album, RE, RM, 30t",20.0,Very Good Plus (VG+),Near Mint (NM or M-)
Double Nelson,Des Nouvelles Du Fond,Cobalt,"CD, Album",15.0,Very Good Plus (VG+),Very Good Plus (VG+)
Double Nelson,Des Nouvelles Du Fond,Cobalt,"CD, Album",15.0,Very Good Plus (VG+),Very Good Plus (VG+)
The Easybeats,Who'll Be The One / Lisa,United Artists Records,"7"", Jukebox, Promo",25.0,Very Good (VG),Generic
Faith No More,Angel Dust,"Slash, London Records","Cass, Album",5.0,Good Plus (G+),Very Good Plus (VG+)
Françoise Hardy,Love Songs,WEA,"Cass, Comp",15.0,Near Mint (NM or M-),Very Good Plus (VG+)
Frank Zappa,Hot Rats,Rykodisc,"CD, Album, Ltd, RE, RM, Pap",25.0,Mint (M),Near Mint (NM or M-)
Frank Zappa,Zappa In New York,Rykodisc,"2xCD, Album, RE",12.0,Mint (M),Very Good Plus (VG+)
Frank Zappa / The Mothers,Roxy & Elsewhere,Rykodisc,"CD, Album, RE, RM, RP",8.0,Mint (M),Near Mint (NM or M-)
Frank Zappa And The Mothers,One Size Fits All,Rykodisc,"CD, Album, RE, RM",15.0,Mint (M),Near Mint (NM or M-)
The Freak Accident,The Freak Accident,Alternative Tentacles Records,"CD, Album",10.0,Near Mint (NM or M-),Very Good Plus (VG+)
Gravy Train,Staircase To The Day,Dawn (7),"LP, Album, Gat",90.0,Very Good Plus (VG+),Very Good Plus (VG+)
Hector Zazou,Géographies,"Music-Box, Crammed Discs","LP, Album",12.0,Very Good Plus (VG+),Very Good (VG)
Hector Zazou,Reivax Au Bongo,Music-Box,"LP, Album",14.0,Very Good Plus (VG+),Good Plus (G+)
Herbie Hancock,Secrets,Columbia,"CD, Album, RE",6.0,Mint (M),Near Mint (NM or M-)
Jacob Desvarieux,Oh Madiana,Disco-Deal,LP,24.0,Very Good Plus (VG+),Very Good (VG)
Krokus,One Vice At A Time,"Ariola, Arista","Cass, Album",5.0,Very Good Plus (VG+),Very Good (VG)
Les Satellites,4,Squatt,"Cass, Album",6.0,Mint (M),Mint (M)
Little Walter,Confessin' The Blues,"Chess, Chess","CD, Comp, RM",14.0,Near Mint (NM or M-),Very Good (VG)
Madness,Complete Madness,Virgin,"LP, Comp, RE",12.0,Very Good (VG),Very Good Plus (VG+)
Mano Negra,Patchanka,Virgin,"Cass, RE",7.0,Very Good Plus (VG+),Near Mint (NM or M-)
Max Roach,Drums Unlimited,"Atlantic, Rhino Records (2), Warner Strategic Marketing","CD, Album, RE, RM",6.0,Mint (M),Very Good Plus (VG+)
Max Roach,Parisian Sketches,Gitanes Jazz Productions,"CD, Album, RE, RM",10.0,Mint (M),Near Mint (NM or M-)
Max Roach,We Insist! Max Roach's Freedom Now Suite,Candid,"CD, Album, RE",11.0,Mint (M),Very Good Plus (VG+)
Miles Davis,Circle In The Round,"Columbia, Columbia","2xCD, Comp, RE, RM",8.0,Near Mint (NM or M-),Very Good Plus (VG+)
Miles Davis,Pangaea,"Columbia, Legacy","2xCD, Album, RE",10.0,Near Mint (NM or M-),Very Good Plus (VG+)
Miles Davis & John Coltrane,Live In Stockholm 1960,MPO,"2xCD, RE",12.0,Mint (M),Very Good Plus (VG+)
Minimal Compact,Raging Souls,Virgin,"LP, Album",15.0,Very Good Plus (VG+),Very Good (VG)
New Order,Brotherhood,Rough Trade,"LP, Album",15.0,Very Good Plus (VG+),Very Good Plus (VG+)
Robert Wyatt,Rock Bottom,Virgin,"LP, Album, RE, Red",25.0,Near Mint (NM or M-),Very Good (VG)
"Shadhili, Sufi (5)",Musique Soufi Vol. 4 - Al Hadra ,Arion,"LP, Album",10.0,Near Mint (NM or M-),Very Good Plus (VG+)
Steven Brown,Composés Pour Le Théâtre Et Le Cinéma,Music Box International,"LP, Album",12.0,Very Good Plus (VG+),Good Plus (G+)
Steven Brown,La Grâce Du Tombeur,LTM (4),"LP, Album",20.0,Very Good (VG),Very Good Plus (VG+)
Steven Brown,Searching For Contact,"Play It Again Sam Records, Play It Again Sam Records","LP, Album",8.0,Good Plus (G+),Very Good (VG)
U2,Achtung Baby,Island Records,"Cass, Album",5.0,Near Mint (NM or M-),Near Mint (NM or M-)
Various,"""Keep On Coming Through The Door…""  Jamaican Deejay Music 1969 - 1973","Trojan Records, Trojan Records","LP, Comp",18.0,Near Mint (NM or M-),Very Good Plus (VG+)
Various,Barnyard Soul!,Deep Groove Records (3),"CD, Comp",13.0,Near Mint (NM or M-),Near Mint (NM or M-)
Various,"Belgique - Belgie: Ballades, Danses Et Chansons De Flandre Et Wallonie",Ocora,"LP, Album",10.0,Very Good Plus (VG+),Very Good Plus (VG+)
Various,Introducin' A Bad Mutha ... Shaftman! (Come With Shaftman To Soultown),Funky Finger (2),"CD, Comp, Unofficial",10.0,Near Mint (NM or M-),Near Mint (NM or M-)
Various,Musique Populaire Traditionnelle D'Iraq,Ocora,"LP, Comp, Mono",10.0,Very Good (VG),Very Good (VG)
Various,Reggae,Sony BMG Music Entertainment,"10xCD, Comp",10.0,Mint (M),Mint (M)
Various,Rockin' In The '50s,White Label Records (7),"LP, Comp",10.0,Very Good Plus (VG+),Very Good Plus (VG+)
Various,The Socker!,Continental (11),"CD, Comp",12.0,Very Good Plus (VG+),Very Good Plus (VG+)
The Wailers,The Best Of The Wailers,"JAD, Universal, Beverley's Records","CD, Album, RE, RM",9.0,Near Mint (NM or M-),Near Mint (NM or M-)
Wire,154,Restless Retro,"CD, Album, RE",15.0,Near Mint (NM or M-),Very Good Plus (VG+)
Anthony Braxton,12+1tet (Victoriaville) 2007,Les Disques Victo,"CD, Album",15.0,Mint (M),Near Mint (NM or M-)
Anthony Braxton,Quartet (Moscow) 2008,Leo Records,"CD, Album",8.0,Mint (M),Very Good Plus (VG+)
Anthony Braxton,Town Hall (Trio & Quintet) 1972,hatOLOGY,"CD, Album, RE, RM",15.0,Mint (M),Near Mint (NM or M-)
Anthony Braxton,Trio (Glasgow) 2005,Leo Records,"2xCD, Album",12.0,Near Mint (NM or M-),Very Good Plus (VG+)
Anthony Braxton - Gerry Hemingway,Old Dogs (2007),Mode Avant,"4xCD, Album",25.0,Mint (M),Near Mint (NM or M-)
Anthony Braxton & Joe Fonda,Duets 1995,Clean Feed,"CD, Album, RE",8.0,Mint (M),Very Good Plus (VG+)
Anthony Braxton + Duke Ellington,Concept Of Freedom,hatOLOGY,"CD, Album",10.0,Mint (M),Near Mint (NM or M-)
Archie Shepp,I Know About The Life,hatOLOGY,"CD, Album, RE, RM",8.0,Mint (M),Very Good Plus (VG+)
Bobo Stenson,Selected Recordings,ECM Records,"CD, Comp, Dig",11.0,Mint (M),Near Mint (NM or M-)
Bobo Stenson / Anders Jormin / Paul Motian,Goodbye,"ECM Records, ECM Records","CD, Album",10.0,Mint (M),Very Good Plus (VG+)
Carla Bley,The Lost Chords Find Paolo Fresu,"WATT (2), ECM Records","CD, Album",15.0,Mint (M),Near Mint (NM or M-)
Charles Mingus,Mingus Mingus Mingus Mingus Mingus,"Impulse!, Impulse!","CD, RM, Tri",15.0,Near Mint (NM or M-),Near Mint (NM or M-)
Charlie Parker,Rétrospective 1940-1953,Saga,"3xCD, Comp + Box",14.0,Mint (M),Near Mint (NM or M-)
Chick Corea,Selected Recordings,ECM Records,"CD, Comp, RM",11.0,Mint (M),Near Mint (NM or M-)
Coleman Hawkins,The Bebop Years,Proper Records (2),"4xCD, Comp + Box",15.0,Mint (M),Very Good Plus (VG+)
Dave Holland Big Band,Overtime,Dare2 Records,"CD, Album",6.0,Mint (M),Near Mint (NM or M-)
"David Holland Quartet - Dave Holland, Sam Rivers, Anthony Braxton, Barry Altschul",Conference Of The Birds,"ECM Records, ECM Records","CD, Album, RE",15.0,Mint (M),Near Mint (NM or M-)
"David Liebman, Ellery Eskelin, Tony Marino, Jim Black",Different But The Same,hatOLOGY,"CD, Album",14.0,Near Mint (NM or M-),Very Good Plus (VG+)
Dexter Gordon,Dexter Blows Hot And Cool,Boplicity Records,"CD, Album, Mono, RE",15.0,Mint (M),Near Mint (NM or M-)
Enrico Rava,The Complete Remastered Recordings On Black Saint & Soul Note,"Black Saint, Soul Note","5xCD, Album, RE, RM + Box, Comp",35.0,Near Mint (NM or M-),Very Good Plus (VG+)
Fred Frith / John Zorn,The Art Of Memory II,"ReR Megacorp, Fred Records","CD, Album",8.0,Mint (M),Very Good Plus (VG+)
Gary Burton,Selected Recordings,ECM Records,"CD, Comp, RM",9.0,Mint (M),Near Mint (NM or M-)
Jan Garbarek,Selected Recordings,ECM Records,"2xCD, Comp, RM",10.0,Mint (M),Near Mint (NM or M-)
Jazzensemble Des Hessischen Rundfunks,Unauffällige Festansage,Jazzwerkstatt,"CD, Album",10.0,Mint (M),Near Mint (NM or M-)
Jeff Beck,Wired,Epic,"CD, Album, RE",7.0,Mint (M),Near Mint (NM or M-)
Jim Hall,Concierto,"Legacy, Legacy, Legacy, Epic, Epic, Epic, CTI Records, CTI Records, CTI Records","CD, Album, RE, RM",6.0,Mint (M),Very Good Plus (VG+)
The Jimmy Giuffre Trio,1961,"ECM Records, ECM Records","CD, Album, RE, RM + CD, Album, RE, RM + Comp",20.0,Mint (M),Very Good Plus (VG+)
Joachim Kühn / Daniel Humair / J.-F. Jenny-Clark,Die Dreigroschenoper - L'Opera De Quat' Sous - The Threepenny Opera,Verve Records,"CD, Album",6.0,Mint (M),Very Good Plus (VG+)
Joe Sachse Duos David Moss / George Lewis,Berlin Tango,"Jazzwerkstatt, Jazzwerkstatt","CD, Album, RE",10.0,Mint (M),Very Good Plus (VG+)
John Zorn,Femina,Tzadik,"CD, Album",19.0,Mint (M),Near Mint (NM or M-)
John Zorn,From Silence To Sorcery,Tzadik,"CD, Album",14.0,Mint (M),Near Mint (NM or M-)
John Zorn,Nova Express,Tzadik,"CD, Album",15.0,Mint (M),Near Mint (NM or M-)
John Zorn,The Satyr's Play / Cerberus,Tzadik,"CD, Album",17.0,Mint (M),Near Mint (NM or M-)
Jordi Savall,Tous Les Matins Du Monde (Bande Originale Du Film),"Alia Vox, Alia Vox","SACD, Hybrid, Multichannel, Album, RE",20.0,Mint (M),Very Good Plus (VG+)
Keith Jarrett,Selected Recordings,ECM Records,"2xCD, Comp",12.0,Mint (M),Very Good Plus (VG+)
Leon Thomas,Full Circle,"Bluebird (3), RCA Victor, Flying Dutchman","CD, Album, RE, Dig",6.0,Mint (M),Very Good Plus (VG+)
Louis Armstrong,Louis Armstrong (Laser Plus 5),BMG Ariola France,"CD, Comp",5.0,Mint (M),Near Mint (NM or M-)
Louis Armstrong,Louis Armstrong Vol. I,Columbia,"CD, Comp",5.0,Mint (M),Near Mint (NM or M-)
Luther Allison,Hand Me Down My Moonshine,in-akustik,"CD, Album",12.0,Mint (M),Near Mint (NM or M-)
Luther Allison,Standing At The Crossroad,Black And Blue,"CD, Album, RE, RM, Dig",12.0,Mint (M),Near Mint (NM or M-)
Marcus Miller,M²,Dreyfus Jazz,"CD, Album, Dig",7.0,Mint (M),Very Good Plus (VG+)
Marcus Miller,Tales,Dreyfus Jazz,"CD, Album",9.0,Mint (M),Near Mint (NM or M-)
Marcus Miller,The Sun Don’t Lie,Dreyfus Jazz,"CD, Album, RE",7.0,Mint (M),Very Good Plus (VG+)
Michel Portal,Birdwatcher,"Universal Music France, EmArcy","CD, Album",8.0,Mint (M),Very Good Plus (VG+)
Miles Davis,Ascenseur Pour L'Échafaud (Lift To The Scaffold),Fontana,"CD, Album, RE, RP, Com",12.0,Mint (M),Near Mint (NM or M-)
Miles Davis,Bags Groove,"Prestige, Prestige, Original Jazz Classics","CD, Album, RE",13.0,Mint (M),Near Mint (NM or M-)
Miles Davis,Miles In The Sky,"Columbia, Legacy","CD, Album, RE, RM",5.0,Mint (M),Near Mint (NM or M-)
Miles Davis,Milestones,"Columbia, Legacy, Sony Music Media","CD, Album, RE, RM, Dig",10.0,Mint (M),Near Mint (NM or M-)
The Miles Davis Quintet,Steamin' With The Miles Davis Quintet,"Original Jazz Classics, Prestige","CD, Album, RE, RM",7.0,Mint (M),Near Mint (NM or M-)
"Paul Bley, Franz Koglmann, Gary Peacock",Annette,hatOLOGY,"CD, Album, RE",15.0,Mint (M),Near Mint (NM or M-)
Pierre Michelot,Bass & Bosses,EmArcy,"CD, Album",8.0,Near Mint (NM or M-),Very Good Plus (VG+)
Ran Blake & Anthony Braxton,A Memory Of Vienna,hatOLOGY,"CD, Album, RE, RM, RP",14.0,Near Mint (NM or M-),Near Mint (NM or M-)
Robedoor,New Age Sewage,Hands In The Dark,"LP, Album",18.0,Mint (M),Mint (M)
Scolohofo,Oh!,Blue Note,"CD, Album",5.0,Mint (M),Near Mint (NM or M-)
Steve Lacy / Steve Potts,Live In Budapest,West Wind,"CD, Album",12.0,Mint (M),Near Mint (NM or M-)
"Steve Lacy Five Pianists Marilyn Crispell, Misha Mengelberg, Ulrich Gumpert, Fred Van Hove, Vladimir Miller",Five Facings,Jazzwerkstatt,"CD, Album",9.0,Mint (M),Near Mint (NM or M-)
Steve Lacy-Roswell Rudd Quartet,Early And Late,Cuneiform Records,"2xCD, Album",15.0,Mint (M),Near Mint (NM or M-)
The Sun Ra Arkestra,Sunrise In Different Dimensions,hatOLOGY,"CD, Album, RE",12.0,Mint (M),Near Mint (NM or M-)
Vienna Art Orchestra,A Notion In Perpetual Motion,hatOLOGY,"CD, Album, RE",12.0,Mint (M),Near Mint (NM or M-)
World Saxophone Quartet,Yes We Can,Jazzwerkstatt,"CD, Album",9.0,Mint (M),Near Mint (NM or M-)
Albert Ayler,New Grass,Impulse!,"CD, Album, Ltd, RE, RM",12.0,Mint (M),Very Good Plus (VG+)
"Alessandro Scarlatti, Bernarda Fink • Graciela Oddone • Dorothea Röschmann • Richard Croft • René Jacobs • Antonio Abete • Akademie Für Alte Musik Berlin, René Jacobs",Il Primo Omicidio,"Harmonia Mundi France, Harmonia Mundi","2xCD, Box",14.0,Mint (M),Near Mint (NM or M-)
Bill Evans,California Here I Come,"Verve Records, Verve Records","CD, Album, Ltd, RE, RM, RP, Dig",8.0,Mint (M),Near Mint (NM or M-)
Bill Evans,You Must Believe In Spring,"Warner Bros. Records, Warner Jazz, Warner Strategic Marketing","CD, Album, RE, Dig",15.0,Mint (M),Near Mint (NM or M-)
The Bill Evans Trio,Everybody Digs Bill Evans,"Original Jazz Classics, Riverside Records","CD, Album, RE, RM, Dig",9.0,Mint (M),Near Mint (NM or M-)
The Bill Evans Trio Featuring Scott LaFaro,Sunday At The Village Vanguard,"Original Jazz Classics, Riverside Records","CD, Album, RE, RM, Dig",9.0,Near Mint (NM or M-),Near Mint (NM or M-)
Carlos Santana / John McLaughlin,Love Devotion Surrender,"Columbia, Columbia, Columbia","CD, Album, RE",13.0,Mint (M),Near Mint (NM or M-)
Charles Mingus,Mingus Ah Um,"Columbia, Legacy","CD, Album, RE, RM",6.0,Mint (M),Near Mint (NM or M-)
Charles Mingus,Mingus Dynasty,"Columbia, Columbia","CD, Album, RE, RM",7.0,Mint (M),Near Mint (NM or M-)
Charles Mingus,Tijuana Moods,"RCA, BMG","CD, Album, RE, RM",5.0,Mint (M),Near Mint (NM or M-)
Charlie Parker,Swedish Schnapps + The Great Quintet Sessions 1949-51,Verve Records,"CD, Comp, RE",8.0,Mint (M),Near Mint (NM or M-)
Chet Baker,"Chet Baker Sings And Plays From The Film ""Let's Get Lost""","Novus, RCA, BMG","CD, Album",10.0,Mint (M),Near Mint (NM or M-)
Chet Baker Quartet,Plays Standards,"Gitanes Jazz Productions, Gitanes Jazz Productions","CD, Album, RE, RM",5.0,Mint (M),Very Good Plus (VG+)
"Claudio Monteverdi - Gabriel Garrido, Ensemble Elyma, Ensemble Vocale Dello Studio Di Musica Antica Antonio Il Verso","L'Orfeo, Favola In Musica",K617,"2xCD, Album",14.0,Mint (M),Very Good Plus (VG+)
Dexter Gordon,Live At The Amsterdam Paradiso,Charly Records,"CD, Album, RM",8.0,Mint (M),Near Mint (NM or M-)
Eddy Louiss,Flomela,Dreyfus Jazz,"CD, Album, RM",10.0,Mint (M),Very Good Plus (VG+)
Eddy Louiss & Michel Petrucciani,Conférence De Presse Vol. 2,Dreyfus Jazz,"CD, Album",10.0,Mint (M),Near Mint (NM or M-)
Ella Fitzgerald & Louis Armstrong,Porgy & Bess,Verve Records,"CD, Album, RM",5.0,Mint (M),Near Mint (NM or M-)
"Gaetano Donizetti, Nelly Miricioiu, Rockwell Blake, Garry Magee, Philharmonia Orchestra, David Parry",Donizetti - Scenes & Overtures,Opera Rara,CD,10.0,Mint (M),Very Good Plus (VG+)
"Georg Friedrich Händel – Anne Sofie Von Otter, Lynne Dawson, Veronica Cangemi, Ewa Podleś, Richard Croft, Denis Sedov, Luc Coadou, Les Musiciens Du Louvre, Marc Minkowski",Ariodante,Archiv Produktion,"3xCD, Album",14.0,Mint (M),Near Mint (NM or M-)
Gerry Mulligan Quartet,Pleyel Concert Vol. 1,BMG France,"CD, Comp, RE",7.0,Mint (M),Near Mint (NM or M-)
Gerry Mulligan Quartet,Pleyel Concert Vol. 2,BMG France,"CD, Comp, RE",7.0,Mint (M),Near Mint (NM or M-)
"Giacomo Puccini, Angela Gheorghiu, Roberto Alagna, Elisabetta Scano, Simon Keenlyside, Ildebrando D'Arcangelo, Roberto De Candia, Riccardo Chailly, Orchestra Del Teatro Alla Scala E Coro Del Teatro Alla Scala",La Bohème,Decca,"2xCD, Album + Box",10.0,Mint (M),Near Mint (NM or M-)
Gioacchino Rossini,Il Banchetto Musicale Del Signor Rossini,Philips,"CD, Comp",8.0,Mint (M),Near Mint (NM or M-)
Gioacchino Rossini,La Donna Del Lago,Philips Classics,"2xCD, Album",8.0,Mint (M),Near Mint (NM or M-)
Herbie Hancock,Maiden Voyage,Blue Note,"CD, Album, RE, RM",6.0,Mint (M),Near Mint (NM or M-)
Jean-Luc Ponty,Jazz Long Playing,Gitanes Jazz Productions,"CD, Album, RE, RM",6.0,Mint (M),Near Mint (NM or M-)
Jimi Hendrix,West Coast Seattle Boy: The Jimi Hendrix Anthology,"Experience Hendrix, Legacy, Sony Music","CD, Comp + DVD, NTSC",8.0,Mint (M),Near Mint (NM or M-)
Joachim Kühn / Daniel Humair / J.-F. Jenny-Clark,From Time To Time Free,CMP Records,"CD, Album",10.0,Mint (M),Near Mint (NM or M-)
Joachim Kühn / Daniel Humair / J.-F. Jenny-Clark,"Live, Théâtre De La Ville, Paris, 1989",CMP Records,"CD, Album",10.0,Mint (M),Very Good Plus (VG+)
John Coltrane,A Love Supreme,"Impulse!, Impulse!","CD, Album, RE, RM",9.0,Mint (M),Near Mint (NM or M-)
John Coltrane,Ascension,Impulse!,"CD, Album, Comp, RE, Dig",8.0,Mint (M),Very Good Plus (VG+)
John Coltrane,Blue Train,Blue Note,"CD, Album, RE",8.0,Mint (M),Very Good Plus (VG+)
John Coltrane,Giant Steps,"Atlantic, Warner Jazz, Warner Strategic Marketing United Kingdom","CD, Album, RE, RM, Dig",5.0,Mint (M),Very Good Plus (VG+)
John Coltrane,Lush Life,"Original Jazz Classics, Prestige","CD, Album, RE, RM, Dig",5.0,Mint (M),Very Good Plus (VG+)
John Coltrane,My Favorite Things,Atlantic,"CD, Album, RE, RM, Dig",7.0,Mint (M),Near Mint (NM or M-)
John Coltrane,My Favorite Things: Coltrane At Newport,Impulse!,"CD, Comp",7.0,Mint (M),Very Good Plus (VG+)
John Coltrane,Newport '63,"Impulse!, GRP","CD, Comp, RM",10.0,Mint (M),Very Good Plus (VG+)
John Coltrane,Olé Coltrane,"Atlantic, Rhino Records (2)","CD, Album, RE, RP, Dig",8.0,Mint (M),Near Mint (NM or M-)
John Coltrane,Soultrane,"Prestige, Prestige","CD, Album, RE, RM",7.0,Mint (M),Near Mint (NM or M-)
John Coltrane & Don Cherry,The Avant-Garde,"Atlantic, Rhino Records (2), Warner Strategic Marketing, Warner Music Argentina","CD, Album, RE, RM",7.0,Mint (M),Near Mint (NM or M-)
The John Coltrane Quartet,The Complete Africa / Brass Sessions,Impulse!,"2xCD, Comp, RE, Dig",10.0,Mint (M),Near Mint (NM or M-)
The John Coltrane Quartet,The Complete Africa / Brass Sessions,"Impulse!, Impulse!","2xCD, Comp, RE, Dig",12.0,Mint (M),Near Mint (NM or M-)
The John Coltrane Quartet,The John Coltrane Quartet Plays,Impulse!,"CD, Album, RE, RM, RP, Dig",10.0,Mint (M),Very Good Plus (VG+)
Joni Mitchell,Court And Spark,Asylum Records,"CD, Album, RP",5.0,Mint (M),Very Good Plus (VG+)
Joni Mitchell,Hejira,Asylum Records,"CD, Album, RE",7.0,Mint (M),Near Mint (NM or M-)
Lee Konitz  /  Michel Petrucciani,Toot Sweet,Owl Records (4),"CD, Album, RE, Dig",5.0,Mint (M),Near Mint (NM or M-)
Lee Konitz / Brad Mehldau / Charlie Haden / Paul Motian,Live At Birdland,"ECM Records, ECM Records","CD, Album",10.0,Mint (M),Near Mint (NM or M-)
Lee Konitz With Warne Marsh,Lee Konitz With Warne Marsh,Atlantic,"CD, Album, RE",5.0,Mint (M),Near Mint (NM or M-)
Martial Solal,Just Friends ,Dreyfus Jazz,"CD, Album",10.0,Mint (M),Near Mint (NM or M-)
Martial Solal Trio,Triangle,"JMS., JMS.","CD, Album",10.0,Mint (M),Near Mint (NM or M-)
Michel Petrucciani,Both Worlds,"Dreyfus Jazz, Dreyfus Jazz","CD, Album",6.0,Mint (M),Near Mint (NM or M-)
"Mingus Big Band, Mingus Orchestra & Mingus Dynasty",I Am Three,"Sue Mingus Music, Universal Music Jazz France, EmArcy","CD, Album",7.0,Mint (M),Very Good Plus (VG+)
The Modern Jazz Quartet,Plastic Dreams,"Warner Jazz, Atlantic, Warner Strategic Marketing","CD, Album, RE, RM",7.0,Mint (M),Near Mint (NM or M-)
Ornette Coleman,Something Else!!!!,"Original Jazz Classics, Contemporary Records","CD, Album, RE, RM",5.0,Mint (M),Very Good Plus (VG+)
Ornette Coleman,The Shape Of Jazz To Come,"Atlantic, Rhino Records (2)","CD, Album, RE, Dig",4.5,Mint (M),Very Good Plus (VG+)
The Ornette Coleman Quartet,This Is Our Music,Atlantic,"CD, Album, RE, RM",5.0,Mint (M),Very Good Plus (VG+)
Paolo Fresu Quintet,Songlines / Night & Blue,"Bonsaï Music, Tǔk Music","2xCD, Album, Dig",12.0,Mint (M),Near Mint (NM or M-)
Paul Motian Trio 2000 + One,Trio 2000 + One,Winter & Winter,"CD, Album",8.0,Mint (M),Very Good (VG)
Paul Motian Trio 2000 + Two,Live At The Village Vanguard Vol 1,Winter & Winter,"CD, Album",10.0,Mint (M),Near Mint (NM or M-)
"Paul Motian, Chris Potter (2), Jason Moran",Lost In A Dream,"ECM Records, ECM Records","CD, Album",9.0,Mint (M),Near Mint (NM or M-)
Santana,Caravanserai,"Columbia, Columbia, Legacy, Legacy","CD, Album, RE, RM",5.0,Mint (M),Very Good Plus (VG+)
Sonny Rollins,A Night At The Village Vanguard,Blue Note,"2xCD, Comp, RE, RM",8.0,Mint (M),Near Mint (NM or M-)
Sonny Rollins,Newk's Time,Blue Note,"CD, Album, Copy Prot., RE, RM",6.0,Mint (M),Near Mint (NM or M-)
Sonny Rollins,Old Flames,Milestone (4),"CD, Album",7.0,Mint (M),Near Mint (NM or M-)
Sonny Rollins,Tenor Titan,Bluebird (3),"CD, Comp",8.0,Mint (M),Near Mint (NM or M-)
Sonny Rollins,Worktime,"Original Jazz Classics, Prestige, Carrere","CD, Album, RE",10.0,Mint (M),Near Mint (NM or M-)
Sonny Rollins And Coleman Hawkins,Sonny Meets Hawk!,BMG France,"CD, Album, RE, RM, Dig",8.0,Mint (M),Near Mint (NM or M-)
Tiny Bell Trio,Constellations,hatOLOGY,"CD, Album, RE, Dig",9.0,Mint (M),Near Mint (NM or M-)
Various,Jazzwerkstatt,Jazzwerkstatt,"CD, Comp",8.0,Mint (M),Near Mint (NM or M-)
Wayne Shorter,Juju,Blue Note,"CD, Album, RE, RM",8.0,Mint (M),Near Mint (NM or M-)
Aerosmith,Rocks,Columbia,"CD, Album, RE, RM",5.0,Mint (M),Near Mint (NM or M-)
Albert Collins,Iceman,"Pointblank, Pointblank","CD, Album",5.0,Mint (M),Very Good Plus (VG+)
Albert Collins And The Icebreakers,Don't Lose Your Cool,Alligator Records,"CD, Album, RE",12.0,Mint (M),Near Mint (NM or M-)
Albert Collins And The Icebreakers,Live '92 - '93,Pointblank,"CD, Album",5.0,Mint (M),Very Good Plus (VG+)
Albert King,King Of The Blues Guitar,Atlantic,"CD, Comp, RM",8.0,Mint (M),Near Mint (NM or M-)
Anthony Braxton,Solo (Pisa) 1982,Golden Years Of New Jazz,"CD, Album",8.0,Mint (M),Near Mint (NM or M-)
Anthony Braxton & Walter Frank,4 Improvisations (Duets) 2004,Leo Records,"2xCD, Album",12.0,Mint (M),Near Mint (NM or M-)
"Anthony Braxton, Chick Corea, Jack DeJohnette, Pat Metheny, Lee Konitz, Miroslav Vitous",The Song Is You,Douglas:,"2xCD, Album",9.0,Mint (M),Near Mint (NM or M-)
Battista Lena,Banda Sonora,Label Bleu,"CD, Album",5.0,Mint (M),Near Mint (NM or M-)
"Bedřich Smetana, Josef Suk (2), Luboš Fišer, Guarneri Trio Prague",Czech Piano Trios,Praga Digitals,"SACD, Hybrid, Multichannel",8.0,Mint (M),Near Mint (NM or M-)
Charlie Haden And Kenny Barron,Night And The City,Verve Records,"CD, Album, Dig",6.0,Mint (M),Very Good Plus (VG+)
Charlie Haden Quartet West,The Art Of The Song,"Verve Records, Universal","CD, Album, Dig",8.0,Mint (M),Near Mint (NM or M-)
Charlie Haden With Don Cherry And Ed Blackwell,The Montreal Tapes,Verve Records,"CD, Album",19.0,Mint (M),Mint (M)
Danny Gatton And Tom Principato,Blazing Telecasters,Powerhouse Records (3),"CD, Album",15.0,Mint (M),Mint (M)
Daunik Lazro / Jean Bolcato / Christian Rollet,A.H.O And His Orchestra,Bleu Regard,"CD, Album",15.0,Mint (M),Near Mint (NM or M-)
Daunik Lazro Quintet,Dourou,Bleu Regard,"CD, Album",18.0,Mint (M),Near Mint (NM or M-)
David Linx / Diederik Wissels / Paolo Fresu,Heartland,"EmArcy, Universal Music Jazz France, Universal","CD, Album",8.0,Mint (M),Very Good (VG)
Domenico Scarlatti –  Pierre Hantaï,Sonates 1,Mirare,CD,5.0,Mint (M),Very Good Plus (VG+)
Domenico Scarlatti –  Pierre Hantaï,Sonates 2,Mirare,CD,15.0,Mint (M),Near Mint (NM or M-)
Don Carlos (2),Inna Dub Style (Rare Dubs 1979-1980),Jamaican Recordings,"LP, Comp",15.0,Near Mint (NM or M-),Very Good Plus (VG+)
Duke Ellington And His Orchestra,Anatomy Of A Murder (Soundtrack),"Columbia, Legacy","CD, Album, RE",6.0,Mint (M),Very Good Plus (VG+)
Duke Ellington And His Orchestra,Masterpieces By Ellington,"Columbia, Legacy","CD, RE",6.0,Mint (M),Very Good Plus (VG+)
Eric Legnini Trio,Miss Soul,Label Bleu,"CD, Album",8.0,Mint (M),Very Good Plus (VG+)
Filomena Moretti - Johann Sebastian Bach,"Partita En Mi Majeur, Pour Luth BWV 1006a - Suite En Sol Mineur, Pour Luth BWV 995 - Suite En Mi Mineur, Pour Luth BWV 996",Transart Live,"CD, Album",7.0,Mint (M),Near Mint (NM or M-)
"Gary Cooper (2), Rachel Podger, Wolfgang Amadeus Mozart",Complete Sonatas For Keyboard And Violin,Channel Classics,"SACD, Hybrid, Multichannel",20.0,Mint (M),Near Mint (NM or M-)
Gerry Mulligan Quartet,Reunion With Chet Baker,EMI-Manhattan Records,"CD, Album, Mono, RE",7.0,Mint (M),Near Mint (NM or M-)
Giovanna Marini,Oresteia,Igloo,"CD, Album",6.0,Mint (M),Very Good Plus (VG+)
Hosea Leavy,You Gotta Move,Fedora,"CD, Album",8.0,Mint (M),Near Mint (NM or M-)
Ike & Tina Turner,Funkier Than A Mosquito's Tweeter,Stateside,"CD, Comp",12.0,Mint (M),Very Good Plus (VG+)
Jacky Terrasson,What It Is,Blue Note,"CD, Album",5.0,Mint (M),Near Mint (NM or M-)
Jah Stitch,Dread Inna Jamdown,Kingston Sounds,LP,15.0,Near Mint (NM or M-),Near Mint (NM or M-)
Jan Garbarek,In Praise Of Dreams,"ECM Records, ECM Records","CD, Album, O-c",6.0,Mint (M),Near Mint (NM or M-)
Jeff Beck,Blow By Blow,"Epic, Epic, Epic","CD, Album, RE, RM",8.0,Near Mint (NM or M-),Very Good Plus (VG+)
Jethro Tull,Living In The Past ,Chrysalis,"CD, Album, Comp, RE, RM",10.0,Mint (M),Near Mint (NM or M-)
Jimi Hendrix,Band Of Gypsys,Capitol Records,"CD, Album, RE, RM",10.0,Mint (M),Very Good Plus (VG+)
Jimi Hendrix,Live Isle Of Wight '70,Polydor,"CD, Album",7.0,Mint (M),Very Good Plus (VG+)
Jimi Hendrix,The Complete PPX Studio Recordings,SPV Recordings,"6xCD, Comp, RM + Box",15.0,Near Mint (NM or M-),Very Good Plus (VG+)
"Johann Sebastian Bach, Janos Starker, György Sebök",Suites For Solo Cello (Complete). Sonatas In G & D Major For Cello And Piano,"Mercury, Mercury Living Presence","2xSACD, Hybrid, Comp",60.0,Mint (M),Near Mint (NM or M-)
John Coltrane,And The Jazz Giants,"Carrere, Prestige","CD, Comp, RM",10.0,Mint (M),Very Good Plus (VG+)
John Coltrane,La Ballade De John Coltrane,"Impulse!, BMG","CD, Comp",6.0,Mint (M),Near Mint (NM or M-)
John Coltrane And Johnny Hartman,John Coltrane And Johnny Hartman,"Impulse!, GRP","CD, Album, RE, RM, 20 ",10.0,Mint (M),Good Plus (G+)
Keith Jarrett,Fort Yawuh,Impulse!,"CD, Album, RE, RM",5.0,Mint (M),Very Good Plus (VG+)
Keith Jarrett / Charlie Haden,Jasmine,"ECM Records, ECM Records","CD, Album",9.0,Mint (M),Near Mint (NM or M-)
Lightnin' Hopkins,Double Blues,"Carrere, Fantasy","CD, Comp, RE",6.0,Mint (M),Near Mint (NM or M-)
Lightnin' Hopkins,It's A Sin To Be Rich,"Gitanes Jazz Productions, EmArcy","CD, Album",8.0,Mint (M),Near Mint (NM or M-)
"Ludwig van Beethoven, Alfred Brendel, Wiener Philharmoniker  - Sir Simon Rattle",The 5 Piano Concertos,Philips,3xCD,25.0,Mint (M),Near Mint (NM or M-)
Miles Davis,A Tribute To Jack Johnson,"Columbia, Legacy","CD, Album, RE, RM",8.0,Mint (M),Very Good Plus (VG+)
Morrissey,Introducing Morrissey,"Warner Music Vision, Reprise Records","VHS, SECAM",20.0,Very Good Plus (VG+),Very Good Plus (VG+)
Muddy Waters,Hard Again,Blue Sky,"CD, Album, RE, RP",8.0,Mint (M),Near Mint (NM or M-)
Paolo Conte,Parole D'Amore Scritte A Macchina,CGD,"CD, Album",5.0,Mint (M),Mint (M)
Pat Metheny Group,Still Life (Talking),Nonesuch,"CD, Album",13.0,Mint (M),Near Mint (NM or M-)
Pat Metheny w/ Dave Holland & Roy Haynes,Question And Answer,Nonesuch,"CD, Album, Met",15.0,Mint (M),Near Mint (NM or M-)
"Pat Metheny, Anna Maria Jopek",Upojenie,"Nonesuch, Metheny Group Productions","CD, Album, RE",10.0,Mint (M),Near Mint (NM or M-)
"Paul McCandless, Bebo Ferra, Paolino Dalla Porta Ospite Fulvio Maras",Isole = Islands,EGEA,"CD, Album",10.0,Near Mint (NM or M-),Near Mint (NM or M-)
"Phil Woods, Cecil Payne, Duke Jordan, Frank Socolow, Wendell Marshall, Art Taylor",Bird's Night,"Vogue, Savoy Jazz","2xCD, Album",15.0,Mint (M),Very Good Plus (VG+)
Pierre Michelot,Bass & Bosses,EmArcy,"CD, Album",10.0,Near Mint (NM or M-),Very Good Plus (VG+)
Randy Weston,The Spirits Of Our Ancestors,"Verve Records, PolyGram Jazz","2xCD, Album",22.0,Near Mint (NM or M-),Very Good Plus (VG+)
Return To Forever,Musicmagic,Columbia,"CD, Album, RE",10.0,Mint (M),Very Good Plus (VG+)
Rita Marcotulli,The Woman Next Door,Label Bleu,"CD, Album",15.0,Mint (M),Near Mint (NM or M-)
Rory Gallagher,Fresh Evidence,Accord Musidisc,"CD, Album",7.0,Mint (M),Very Good Plus (VG+)
Rory Gallagher,Live At Montreux,"Eagle Records, Eagle Records","CD, Album",6.0,Mint (M),Near Mint (NM or M-)
Rory Gallagher,Top Priority,"Capo (2), RCA","CD, Album, RE, RM, RP",5.0,Mint (M),Near Mint (NM or M-)
"The Royal Philharmonic Orchestra, Sir Charles Mackerras","The Royal Philharmonic Orchestra Shostakovich Festive Overture, Symphony No. 5",Membran Music Ltd.,"SACD, Hybrid, Multichannel, Album",8.0,Mint (M),Near Mint (NM or M-)
Serge Gainsbourg,Du Jazz Dans Le Ravin,"Mercury, Philips","CD, Comp, RM, Sli",8.0,Mint (M),Near Mint (NM or M-)
Stan Getz - Kenny Barron,People Time,"EmArcy, Gitanes Jazz, Polygram Jazz","2xCD, Album",8.0,Near Mint (NM or M-),Very Good Plus (VG+)
Stevie Ray Vaughan & Double Trouble,Live At Carnegie Hall,Epic,"CD, Album",12.0,Mint (M),Near Mint (NM or M-)
Tom Principato,Blue Licks & Voodoo Things,VooDoo Records (14),"CD, Album",8.0,Mint (M),Mint (M)
Tom Principato,Really Blue,VooDoo Records (14),"CD, Album",5.0,Mint (M),Very Good Plus (VG+)
Various,Blues Still Alive 1924 - 1994,"Epic, Epic","CD, Comp, Promo, Smplr",8.0,Mint (M),Near Mint (NM or M-)
Various,Martin Scorsese Presents The Blues - The Soul Of A Man,"Columbia, Legacy","CD, Comp",10.0,Mint (M),Near Mint (NM or M-)
"Wolfgang Amadeus Mozart, Julia Fischer (4), Netherlands Chamber Orchestra, Yakov Kreizberg",Violin Concertos Nos 3&4 - Adagio K.261 - Rondo K.269,PentaTone classics,"SACD, Hybrid, Multichannel, Album",16.0,Mint (M),Near Mint (NM or M-)
Ahmad Jamal,At The Pershing / But Not For Me,Chess,"CD, Album, RE, RM",7.0,Mint (M),Very Good Plus (VG+)
"Anton Bruckner - Wiener Philharmoniker, Nikolaus Harnoncourt",Symphony No. 5 With Excerpts From The Rehearsals,"BMG Classics, RCA Red Seal","SACD, Hybrid, Multichannel, Album, DSD + CD",14.0,Mint (M),Near Mint (NM or M-)
Bill Carrothers,Swing Sing Songs,Birdology,"CD, Album",10.0,Mint (M),Near Mint (NM or M-)
Buddy Guy,Buddy's Baddest: The Best Of Buddy Guy,Silvertone Records,"CD, Comp",8.0,Mint (M),Near Mint (NM or M-)
Buddy Guy,"Damn Right, I've Got The Blues",Silvertone Records,"CD, Album, RM, Exp",5.0,Mint (M),Near Mint (NM or M-)
Buddy Guy,Hold That Plane!,Vanguard,"CD, Album, RE",28.0,Mint (M),Near Mint (NM or M-)
Buddy Guy,Slippin' In,Silvertone Records,"CD, Album",5.0,Mint (M),Very Good (VG)
Cosmo (31),Cosmo,"Fiction Records, Cosmo (4)","10"", EP, Pic + CD, EP",8.0,Near Mint (NM or M-),Near Mint (NM or M-)
Count Basie,Atomic Basie,Not Now Music,"2xCD, Comp, RM",5.0,Mint (M),Very Good Plus (VG+)
Count Basie Orchestra,Americans In Sweden 1954 Volume Two,Tax,"CD, Album, RM",7.0,Mint (M),Near Mint (NM or M-)
Deep Purple,In Rock,EMI,"CD, Album, RE",10.0,Mint (M),Very Good (VG)
Deep Purple,Machine Head,"EMI, EMI","CD, Album, RE",10.0,Mint (M),Very Good Plus (VG+)
Deep Purple,Made In Japan,"EMI, EMI","2xCD, Album, RE, RM",11.0,Mint (M),Very Good Plus (VG+)
"Dmitri Shostakovich, The London Symphony Orchestra, Mstislav Rostropovich",Symphony No. 8,LSO Live,"SACD, Hybrid, Multichannel, Album",6.0,Near Mint (NM or M-),Near Mint (NM or M-)
Dr. Timothy Leary & Ash Ra Tempel,Seven Up,"PDU, Die Kosmischen Kuriere","LP, Album, RE",50.0,Near Mint (NM or M-),Very Good Plus (VG+)
Eddie Cochran,Remember Me...,Liberty,LP,12.0,Very Good Plus (VG+),Very Good (VG)
Eddie Cochran,The Eddie Cochran Memorial Album,Liberty,"LP, Mono, RE",12.0,Very Good Plus (VG+),Very Good (VG)
Enrico Pieranunzi Trio,Seaward,Soul Note,"CD, Album",10.0,Mint (M),Very Good Plus (VG+)
Enrico Pieranunzi Trio,The Chant Of Time,Alfa Jazz,"CD, Album",45.0,Mint (M),Mint (M)
Enrico Rava,New York Days,"ECM Records, ECM Records","CD, Album",8.0,Mint (M),Near Mint (NM or M-)
Enrico Rava,Noir,Label Bleu,"CD, Album",14.0,Mint (M),Near Mint (NM or M-)
Enrico Rava,Tati,"ECM Records, ECM Records","CD, Album",8.0,Mint (M),Near Mint (NM or M-)
Eric Clapton,Unplugged,Reprise Records,"CD, Album, Club, RE",5.0,Mint (M),Very Good Plus (VG+)
"Eric Clapton Featured With The Yardbirds, Jimmy Page And John Mayall & The Bluesbreakers",The Early Clapton Collection,Castle Communications,"CD, Comp",8.0,Mint (M),Very Good Plus (VG+)
Gábor Gadó Quartet,Orthodoxia,Budapest Music Center Records,"CD, Album",7.0,Mint (M),Mint (M)
Gato Barbieri,Fenix,"BMG France, Flying Dutchman","CD, Album, RE, RM",9.0,Mint (M),Very Good Plus (VG+)
Gene Vincent & His Blue Caps,Bluejean Bop!,Capitol Records,"LP, Album, RE",35.0,Very Good (VG),Good Plus (G+)
"Gioacchino Rossini - Cecilia Bartoli, Alessandro Corbelli, Michele Pertusi, Ramón Vargas, Orchestra Del Teatro Alla Scala e Coro Del Teatro Alla Scala, Riccardo Chailly",Il Turco in Italia,Decca,"2xCD, Album",10.0,Mint (M),Very Good Plus (VG+)
"Gioacchino Rossini, Cecilia Bartoli ∙ Enzo Dara ∙ William Matteuzzi ∙ Alessandro Corbelli ∙ Michele Pertusi ∙ Riccardo Chailly",La Cenerentola,Decca,"2xCD, Album",15.0,Mint (M),Very Good Plus (VG+)
Giovanni Mirabassi,Architectures,Sketch (2),"CD, Album",18.0,Mint (M),Very Good Plus (VG+)
Giovanni Mirabassi,Prima O Poi,"Discograph, Minium","CD, Album",9.0,Mint (M),Mint (M)
"Giuseppe Verdi / Ileana Cotrubas, Placido Domingo, Sherrill Milnes, Bayerisches Staatsorchester, Carlos Kleiber",La Traviata,Deutsche Grammophon,"2xCD, Album + Box, RE, Sli",13.0,Mint (M),Very Good Plus (VG+)
"Giuseppe Verdi, Luba Orgonasova, Anne Sofie Von Otter, Luca Canonici, Alastair Miles, The Monteverdi Choir, Orchestre Révolutionnaire Et Romantique, John Eliot Gardiner",Requiem / Quattro Pezzi Sacri,Philips Digital Classics,"2xCD, RE",13.0,Mint (M),Very Good Plus (VG+)
Grotto (2),At Last... ,Odion Livingstone,"LP, Album, RE",20.0,Mint (M),Mint (M)
Henri Texier,Colonel Skopje,Label Bleu,"CD, Album",8.0,Mint (M),Near Mint (NM or M-)
Henri Texier,Remparts D'Argile,Label Bleu,"CD, Album",15.0,Mint (M),Near Mint (NM or M-)
Iggy Pop,Nights Of The Iguana,Remedy,"4xCD, Album, RE + Box, Comp, Ltd, Num",25.0,Near Mint (NM or M-),Very Good Plus (VG+)
Italian Instabile Orchestra,Skies Of Europe,"ECM Records, ECM Records","CD, Album",8.0,Mint (M),Very Good Plus (VG+)
"Joey Baron, Arthur Blythe, Ron Carter, Bill Frisell",We'll Soon Find Out,Intuition Records,"CD, Album",9.0,Mint (M),Very Good Plus (VG+)
John McLaughlin,Industrial Zen,Verve Records,"CD, Album",12.0,Mint (M),Very Good Plus (VG+)
John McLaughlin,The Heart Of Things (Live In Paris),"Universal, Verve Records","CD, Album, Dig",5.0,Mint (M),Very Good Plus (VG+)
La Düsseldorf,Viva,Strand,"LP, Album, RE, DMM",15.0,Near Mint (NM or M-),Very Good Plus (VG+)
Little Richard,Rock Story,Fontana,LP,20.0,Very Good (VG),Good Plus (G+)
Mahavishnu Orchestra,The Lost Trident Sessions,"Columbia, Legacy","CD, Album, Dig",12.0,Mint (M),Near Mint (NM or M-)
Mahavishnu Orchestra,Visions Of The Emerald Beyond,"Columbia, Columbia","CD, Album, RE, RM",10.0,Mint (M),Near Mint (NM or M-)
"Mahavishnu Orchestra With The London Symphony Orchestra, Michael Tilson Thomas",Apocalypse,CBS,"CD, Album, RE, RM",8.0,Mint (M),Near Mint (NM or M-)
Michel Legrand,Le Jazz Grand,FiveFour,"CD, Album, RE, RM",9.0,Mint (M),Near Mint (NM or M-)
Miroslav Vitous,Universal Syncopations,"ECM Records, ECM Records","CD, Album",8.0,Mint (M),Near Mint (NM or M-)
Olympic Sideburns,The Olympic Sideburns,"New Rose Records, New Rose Records, New Rose Records","LP, Album, Ltd + 12"", EP",10.0,Very Good Plus (VG+),Very Good Plus (VG+)
Oscar Peterson,Great Connection,MPS Records,"CD, Album, RE, RM",6.0,Mint (M),Very Good Plus (VG+)
Red Krayola,Soldier-Talk,Celluloid,"LP, Album",22.0,Near Mint (NM or M-),Very Good Plus (VG+)
Riccardo Del Fra,A Sip Of Your Touch,IDA Records,"CD, Album",8.0,Mint (M),Very Good Plus (VG+)
Scorpions,Gold Ballads,Harvest,"LP, Comp",16.0,Very Good Plus (VG+),Very Good Plus (VG+)
"Sir Edward Elgar / Ralph Vaughan Williams – Hilary Hahn, The London Symphony Orchestra, Sir Colin Davis",Violin Concerto / The Lark Ascending,Deutsche Grammophon,"SACD, Hybrid, Multichannel",35.0,Mint (M),Near Mint (NM or M-)
"Sir Michael Tippett / The BBC National Orchestra Of Wales, Richard Hickox",The Rose Lake • Ritual Dances,Chandos,"SACD, Hybrid, Multichannel, Album",20.0,Mint (M),Near Mint (NM or M-)
Stan Getz,Anniversary,"EmArcy, Polygram Jazz","CD, Album",6.0,Mint (M),Near Mint (NM or M-)
Stan Getz,Billy Highstreet Samba,EmArcy,"CD, Album",5.0,Mint (M),Near Mint (NM or M-)
Stan Getz,Café Montmartre,EmArcy,"CD, Comp",8.0,Mint (M),Near Mint (NM or M-)
Stan Getz,Mickey One,Verve Records,"CD, Album, RE, RM",10.0,Mint (M),Very Good Plus (VG+)
Stan Getz,Serenity,EmArcy,"CD, Album",7.0,Mint (M),Near Mint (NM or M-)
Stan Getz,Stan Getz Plays,Verve Records,"CD, Album, RE, RM",6.0,Mint (M),Near Mint (NM or M-)
Stan Getz,West Coast Jazz,Verve Records,"CD, Album, RE, Dig",8.0,Mint (M),Near Mint (NM or M-)
Stan Getz / João Gilberto Featuring Antonio Carlos Jobim,Getz / Gilberto,Verve Records,"CD, Album, RE, RM, Dig",9.0,Mint (M),Near Mint (NM or M-)
Stan Getz & Chet Baker,The Stockholm Concerts,Verve Records,"3xCD, Comp",22.0,Near Mint (NM or M-),Very Good Plus (VG+)
Stefano Bollani,I Visionari,Label Bleu,"2xCD, Album",8.0,Mint (M),Near Mint (NM or M-)
Steve Coleman,Invisible Paths: First Scattering,Tzadik,"CD, Album",15.0,Mint (M),Near Mint (NM or M-)
Steve Coleman And Five Elements,Curves Of Life,"BMG France, RCA","CD, Album",6.0,Mint (M),Near Mint (NM or M-)
This Mortal Coil,Filigree & Shadow,4AD,"2xLP, Album",20.0,Very Good Plus (VG+),Very Good Plus (VG+)
"Tomás Luis de Victoria : Westminster Cathedral Choir, David Hill",Missa 'Vidi Speciosam',Hyperion,"CD, Album",20.0,Mint (M),Near Mint (NM or M-)
"Tomás Luis De Victoria : Westminster Cathedral Choir, David Hill",Tenebrae Responsories,Hyperion,"CD, Album",16.0,Mint (M),Near Mint (NM or M-)
Tommaso/Rava Quartet,La Dolce Vita,C.A.M. Jazz,"CD, Album",8.0,Mint (M),Very Good (VG)
Various,The Enigma Variations Compilation 1988,Enigma Records (3),"LP, Comp",10.0,Near Mint (NM or M-),Near Mint (NM or M-)
The Vibrators,V2,Epic,"LP, Album, Ora",20.0,Very Good (VG),Very Good Plus (VG+)
Yusef Lateef,Psychicemotus,"Impulse!, Impulse!","CD, Album, RE, RM",12.0,Mint (M),Very Good Plus (VG+)
Acid Mothers Temple & The Melting Paraiso UFO,Minstrel In The Galaxy,Riot Season,"LP, Album, Ltd, RE",26.0,Mint (M),Mint (M)
"Acid Mothers Temple & The Melting Paraiso UFO, Geoff Leigh",Chosen Star Child's Confession,Riot Season,"LP, Album, Ltd, Ora",25.0,Mint (M),Mint (M)
The Afghan Ensemble,Songs From Afghanistan,ARC Music,CD,8.0,Near Mint (NM or M-),Very Good Plus (VG+)
Au Bonheur Des Dames,Twist,"Mercury, Universal Music France","CD, Album, RE",40.0,Mint (M),Very Good Plus (VG+)
Barrio,Play This Only At Night ,Plexus Records (2),"LP, Ltd, Num, 500",16.0,Near Mint (NM or M-),Very Good Plus (VG+)
Bismillah Khan,50 Golden Years of Ustad Bismillah Khan - Shehnai,EMI,CD,10.0,Very Good Plus (VG+),Near Mint (NM or M-)
Bog-Shed,Tried And Tested Public Speaker,"Shelfish Records, Shelfish Records","12"", EP",15.0,Very Good Plus (VG+),Very Good Plus (VG+)
Bud Powell,The Scene Changes,Blue Note,"CD, Album, Copy Prot., RE, RM",8.0,Mint (M),Near Mint (NM or M-)
Charles Lloyd,Voice In The Night,"ECM Records, BMG Classics",CD,6.0,Mint (M),Near Mint (NM or M-)
"Chick Corea, Stanley Clarke & Lenny White",Forever,Concord Records,"2xCD, Album",12.0,Near Mint (NM or M-),Near Mint (NM or M-)
Dizzy Gillespie - Sonny Stitt - Sonny Rollins,Sonny Side Up,Verve Records,"CD, Album, RE, RM",9.0,Mint (M),Near Mint (NM or M-)
Don Cherry / Ed Blackwell,El Corazón,"ECM Records, ECM Records","CD, Album, RE",22.0,Near Mint (NM or M-),Near Mint (NM or M-)
Duke Ellington,Money Jungle,Blue Note,"LP, Album, RE, RM",30.0,Near Mint (NM or M-),Near Mint (NM or M-)
Ebo Taylor,Twer Nyame,"Mr Bongo, Philips","LP, Album, RE",20.0,Near Mint (NM or M-),Near Mint (NM or M-)
Eighties Ladies,Ladies Of The Eighties,"Universal Sound, Uno Melodic Records","LP, Album, RE",30.0,Very Good Plus (VG+),Near Mint (NM or M-)
Elmore James,The Definitive Elmore James,Not Now Music,"2xLP, Comp, Gat",25.0,Near Mint (NM or M-),Near Mint (NM or M-)
Elton John,Honky Château,DJM Records (2),"LP, Album, RE, Gat",15.0,Very Good Plus (VG+),Very Good Plus (VG+)
Eric Dolphy,Out To Lunch!,Blue Note,"CD, Album, RE, RM",8.0,Mint (M),Near Mint (NM or M-)
The Five Americans,Western Union,"Eva (8), Eva (8)","LP, Album, Mono, RE",18.0,Near Mint (NM or M-),Near Mint (NM or M-)
Franco Ambrosetti,European Legacy,Enja Records,"CD, Album",8.0,Mint (M),Near Mint (NM or M-)
Greyboy,Soul Mosaic,Ubiquity,"2xLP, Album",28.0,Very Good Plus (VG+),Very Good Plus (VG+)
Iris (19),Litanies,Connection (2),"LP, Album",40.0,Very Good (VG),Very Good (VG)
Irmin Schmidt,Villa Wunderbar / A Selection,"Spoon Records, Mute Artists Ltd.","4xLP, Comp, Cle",36.0,Mint (M),Mint (M)
Italian Instabile Orchestra,Litania Sibilante,Enja Records,"CD, Album",9.0,Mint (M),Near Mint (NM or M-)
"Larry Carlton, Steve Lukather","No Substitutions ""Live In Osaka""",Favored Nations,"CD, Album",12.0,Mint (M),Very Good Plus (VG+)
Larry Williams (3),Here's Larry Williams,Specialty,"CD, Album, Mono, RE, RM",9.0,Mint (M),Near Mint (NM or M-)
The Leaves,Hey Joe,Line Records,"LP, Album, RE",20.0,Near Mint (NM or M-),Very Good (VG)
Leonard Cohen,Live Songs,"CBS, CBS","LP, Album, RE",18.0,Near Mint (NM or M-),Near Mint (NM or M-)
Leonard Cohen,You Want It Darker,Columbia,"CD, Album, Dig",15.0,Mint (M),Near Mint (NM or M-)
Les Missiles,L'integrale Sixties,Magic Records (2),"2xCD, Comp, RM",35.0,Mint (M),Near Mint (NM or M-)
Lester Young / Charlie Parker / Dizzy Gillespie,Early Modern: 1946 Concert Recordings,Carrere,"CD, Comp, RE",15.0,Mint (M),Mint (M)
Lester Young / Harry Edison,Pres & Sweets,Verve Records,"CD, Album, Comp, RE",6.0,Mint (M),Near Mint (NM or M-)
Lester Young With The Oscar Peterson Trio,Lester Young With The Oscar Peterson Trio,"Verve Records, Verve Records","CD, Comp, RE, RM, Dig",14.0,Mint (M),Near Mint (NM or M-)
The Lester Young-Teddy Wilson Quartet,Pres And Teddy,Verve Records,"CD, Album, RE",8.0,Mint (M),Near Mint (NM or M-)
Louis Sclavis,Dans La Nuit,"ECM Records, ECM Records","CD, Album",10.0,Mint (M),Near Mint (NM or M-)
Louis Sclavis,L'Imparfait Des Langues,"ECM Records, ECM Records","CD, Album",10.0,Mint (M),Near Mint (NM or M-)
Louis Sclavis,Lost On The Way,"ECM Records, ECM Records","CD, Album",12.0,Mint (M),Near Mint (NM or M-)
Louis Sclavis,Napoli's Walls,"ECM Records, ECM Records","CD, Album",12.0,Mint (M),Near Mint (NM or M-)
Louis Sclavis Quintet,L'Affrontement Des Prétendants,"ECM Records, ECM Records","CD, Album",10.0,Mint (M),Near Mint (NM or M-)
Louis Sclavis Sextet,Ellington On The Air,IDA Records,"CD, Album",15.0,Mint (M),Near Mint (NM or M-)
Louis Sclavis Sextet,Les Violences De Rameau,"ECM Records, ECM Records","CD, Album",13.0,Mint (M),Near Mint (NM or M-)
Manfred Mann,Mann Made,"EMI, EMI","CD, Album, RM, Dig",13.0,Near Mint (NM or M-),Very Good Plus (VG+)
Manu Dibango,Afrijazzy,Soul Paris Records,"LP, Album",15.0,Near Mint (NM or M-),Very Good Plus (VG+)
Martin Circus,Acte II,"Culture Factory, Disques Vogue","2xCD, Album, Ltd, RE, RM",18.0,Near Mint (NM or M-),Near Mint (NM or M-)
The Merseybeats,The Merseybeats,Fontana,"CD, Album, RE",15.0,Near Mint (NM or M-),Near Mint (NM or M-)
The Michel Petrucciani Trio,Pianism,Blue Note,"LP, Album",18.0,Near Mint (NM or M-),Very Good Plus (VG+)
"Miles Davis + 19 , Orchestra Under The Direction Of Gil Evans",Miles Ahead,"CBS, CBS, CBS","LP, Album, RE",25.0,Very Good Plus (VG+),Very Good Plus (VG+)
The Miles Davis Quintet,Miles Smiles,"CBS, CBS","LP, Album",30.0,Very Good Plus (VG+),Good Plus (G+)
The Monty Alexander Trio,Montreux Alexander - Live! At The Montreux Festival,MPS Records,LP,10.0,Near Mint (NM or M-),Very Good Plus (VG+)
Nino Ferrer,L'Intégrale Des Enregistrements Studio & Live,"Barclay, Universal Music France","Box, Comp + 9xCD, Album, RE, RM + 5xCD, Comp, RM",40.0,Mint (M),Mint (M)
Orchestra Baobab,Viva Bawobab S1/ Si Bou Odja,Stern's Music,"LP, Ltd, RE, (18",26.0,Mint (M),Mint (M)
Orchestre International Akweza De Libreville,Orchestre International Akweza De Libreville,African,LP,25.0,Very Good (VG),Very Good (VG)
Pino Minafra,Sudori,Les Disques Victo,"CD, Album",8.0,Mint (M),Near Mint (NM or M-)
Pleasure (4),Future Now,Fantasy,"LP, Album, Gat",25.0,Very Good Plus (VG+),Very Good (VG)
The Pretty Things,Get The Picture?,Repertoire Records,"CD, Album, Enh, RE, RM, Dig",8.0,Mint (M),Near Mint (NM or M-)
The Pretty Things,The Pretty Things,Repertoire Records,"CD, Album, Enh, RE, RM, Dig",10.0,Mint (M),Near Mint (NM or M-)
The Primitives (2),Mr. Heartache,LCD,"CD, Comp, Ltd",20.0,Mint (M),Mint (M)
Quartetto Vocale Giovanna Marini,"""Partenze"" Vent'anni Dopo La Morte Di Pier Paolo Pasolini",Auvidis Silex,"CD, Album",12.0,Mint (M),Near Mint (NM or M-)
Return To Forever,Romantic Warrior,"Columbia, Legacy","CD, Album, RE, RM",7.0,Mint (M),Near Mint (NM or M-)
"Salif Keita, Les Ambassadeurs Internationaux",Mandjou,"Celluloid, Tangent",LP,25.0,Very Good (VG),Very Good (VG)
Sam The Sham & The Pharaohs,French 60's EP Collection,Magic Records (2),"CD, Comp",40.0,Mint (M),Near Mint (NM or M-)
Small Faces,Small Faces,Deram,"CD, Album, RE",25.0,Mint (M),Mint (M)
Smithlord,Symbole D'Autorité,Müsic'Al,"LP, Album",40.0,Very Good Plus (VG+),Very Good Plus (VG+)
Stanley Clarke,School Days,Epic,"CD, Album, RE",10.0,Mint (M),Very Good Plus (VG+)
The Sun Ra Arkestra,My Brother The Wind Vol. 1,Cosmic Myth Records,"2xLP, Album, RE, RM",39.0,Near Mint (NM or M-),Near Mint (NM or M-)
Triangle (3),Triangle,"Culture Factory, Pathé, Pathé","CD, Album, Ltd, RE, RM",20.0,Mint (M),Near Mint (NM or M-)
Various,After Midnight,Rockafeller Records,"LP, Comp",20.0,Near Mint (NM or M-),Very Good (VG)
Various,"Jamaica Jazz From Federal Records (Carib Roots, Jazz, Mento, Latin, Merengue & Rhumba 1960​-​1968)","Dub Store Records, Federal Records (3)","2xLP, Comp",34.0,Mint (M),Mint (M)
Various,Les Disques Motors,Les Disques Motors,"3xCD, Comp, Dig",15.0,Very Good Plus (VG+),Very Good Plus (VG+)
Various,Music From Do The Right Thing - A Spike Lee Joint,Motown,"LP, Album, RE",22.0,Mint (M),Mint (M)
Various,The Jivin' Novelty Party Record,Rockafeller Records,"LP, Comp",18.0,Near Mint (NM or M-),Good Plus (G+)
Various,The Train To Disaster,LSD (2),"LP, Comp",15.0,Very Good Plus (VG+),Very Good Plus (VG+)
Weather Report,Black Market,"Columbia, Columbia, Legacy","CD, Album, RE, RM, 24-",8.0,Mint (M),Near Mint (NM or M-)
Weather Report,Live & Unreleased,"Columbia, Legacy","2xCD, Comp, RM",11.0,Mint (M),Near Mint (NM or M-)
Weather Report,Mr. Gone,Columbia,"CD, Album, RE, RM, RP",8.0,Mint (M),Near Mint (NM or M-)
Weather Report,Night Passage,"Columbia, Columbia","CD, Album, RE, RM",8.0,Mint (M),Near Mint (NM or M-)
Akosh S. Unit,Lenne,Universal Music Jazz France,"CD, Album",17.0,Mint (M),Near Mint (NM or M-)
AMM,Live In Allentown USA,Matchless Recordings,"CD, Album",14.0,Mint (M),Near Mint (NM or M-)
André Malraux,Discours,"Fnac Music, INA, NRF (Nouvelle Revue Française)","2xCD, Comp, Ltd, Promo",12.0,Mint (M),Very Good Plus (VG+)
Banda Ionica,Passione,Felmay,"CD, Album",5.0,Mint (M),Near Mint (NM or M-)
Barry Guy New Orchestra,Inscape - Tableaux,Intakt Records,"CD, Album",10.0,Mint (M),Mint (M)
"Barry Guy, London Jazz Composers Orchestra, Irene Schweizer",Theoria,"Intakt Records, Intakt Records",CD,9.0,Near Mint (NM or M-),Near Mint (NM or M-)
Bheki Mseleku,Meditations,Samadhi,"CD, Album",10.0,Mint (M),Very Good Plus (VG+)
Chuck Berry,San Francisco Dues,Chess,"LP, Album",15.0,Very Good Plus (VG+),Very Good Plus (VG+)
Conrad Bauer - Peter Kowald - Günter Sommer,Between Heaven And Earth,Intakt Records,"CD, Album",16.0,Mint (M),Near Mint (NM or M-)
Date Bait,I Split On Your Grave,New Rose Records,"LP, Album",18.0,Near Mint (NM or M-),Very Good Plus (VG+)
Donnisulana,Per Agata,Silex,"CD, Album",5.0,Mint (M),Near Mint (NM or M-)
Elvis Presley,It's Only Love / The Sound Of Your Cry,RCA Victor,"7""",5.0,Very Good (VG),Very Good (VG)
eRikm,Zygosis,Sonoris,"CD, Album",6.0,Near Mint (NM or M-),Near Mint (NM or M-)
Evan Parker / Barry Guy / Paul Lytton,Zafiro,"Maya Recordings, Maya Recordings","CD, Album",15.0,Mint (M),Near Mint (NM or M-)
The Fatal Flowers,Johnny D. Is Back!,"WEA, SOM Recordings","LP, Album, Gat",14.0,Near Mint (NM or M-),Very Good Plus (VG+)
Freakwater,Your Goddamned Mouth,1 1/4 York,"7"", Single, Col",9.0,Near Mint (NM or M-),Very Good Plus (VG+)
Fred Frith Trio,Another Day In Fucking Paradise,Intakt Records,"CD, Album",12.0,Mint (M),Near Mint (NM or M-)
Full Blast (2),Black Hole,Atavistic,"CD, Album",14.0,Mint (M),Mint (M)
Gamelan Orchestra Of The Yogyakarta Royal Palace,Java (Palais Royal De Yogyakarta - Musique De Concert),Ocora,"LP, Album",20.0,Mint (M),Very Good Plus (VG+)
George Winston,Autumn,Windham Hill Records,"LP, Album",12.0,Near Mint (NM or M-),Near Mint (NM or M-)
George Winston,Winter Into Spring,"Windham Hill Records, A&M Records","LP, Album",12.0,Near Mint (NM or M-),Near Mint (NM or M-)
Ghostface Killah,The Lost Tapes,Daupe!,"LP, Album, Ltd, Num",24.0,Mint (M),Mint (M)
Hoodoo Gurus,Axegrinder,"RCA Victor, RCA Victor","7"", Single",7.0,Near Mint (NM or M-),Near Mint (NM or M-)
Hoodoo Gurus,Come Anytime,RCA,"7"", Single, Ltd, Gat",14.0,Near Mint (NM or M-),Very Good Plus (VG+)
Irene Schweizer,First Choice – Piano Solo KKL Luzern,Intakt Records,"CD, Album",8.0,Mint (M),Near Mint (NM or M-)
Iva Bittová,Ne Nehledej,Ariola,"CD, Album",10.0,Mint (M),Near Mint (NM or M-)
James Blood Ulmer,Birthright,Hyena Records,"CD, Album",7.0,Mint (M),Very Good Plus (VG+)
Johann Sebastian Bach - Pablo Casals,6 Suiten Für Violoncello = Les 6 Suites Pour Violoncelle = The 6 Cello Suites,EMI,"2xCD, Album, Mono, RM",15.0,Mint (M),Near Mint (NM or M-)
John Zorn - Masada String Trio,Haborym (Book Of Angels Volume 16),Tzadik,"CD, Album",16.0,Mint (M),Near Mint (NM or M-)
Jon Rose,The Fence,ReR Megacorp,"CD, Album",7.0,Mint (M),Near Mint (NM or M-)
Jon Rose,Violin Music In The Age Of Shopping,Intakt Records,"CD, Album",8.0,Mint (M),Near Mint (NM or M-)
Keiji Haino / Shoji Hano / Peter Brötzmann,Shadows = 影,DIW,"CD, Album",40.0,Mint (M),Near Mint (NM or M-)
Keith Jarrett,Arbour Zena,ECM Records,"LP, Album, RE",12.0,Near Mint (NM or M-),Very Good Plus (VG+)
Kenyon Hopkins / Ray Heindorf & His Orchestra," La Poupée De Chair (Bande Originale Du Film ""Baby Doll"")",Philips,"7"", EP",12.0,Very Good Plus (VG+),Very Good Plus (VG+)
Liz Story,Solid Colors,"Windham Hill Records, A&M Records","LP, Album",10.0,Near Mint (NM or M-),Very Good Plus (VG+)
Louis Moholo Duets With Marilyn Crispell,Sibanye (We Are One),Intakt Records,"CD, Album",10.0,Mint (M),Near Mint (NM or M-)
Louis Sclavis,Clarinettes,IDA Records,"CD, Album",11.0,Mint (M),Near Mint (NM or M-)
Louis Sclavis,Napoli's Walls,"ECM Records, ECM Records","CD, Album",11.0,Mint (M),Near Mint (NM or M-)
Louis Sclavis Quintet,Rouge,"ECM Records, ECM Records","CD, Album",11.0,Mint (M),Near Mint (NM or M-)
Louis Sclavis Septet,Chamber Music,IDA Records,"CD, Album",10.0,Near Mint (NM or M-),Near Mint (NM or M-)
Louis Sclavis Sextet,Ellington On The Air,IDA Records,"CD, Album",15.0,Mint (M),Near Mint (NM or M-)
Louis Sclavis Trio,Ceux Qui Veillent La Nuit,Label Bleu,"CD, Album",9.0,Mint (M),Near Mint (NM or M-)
Madlib Wit' Frank Nitty,"Channel 85 Presents Nittyville, Season 1",Madlib Invazion,"2xLP, Album",25.0,Mint (M),Mint (M)
Masada (3),Gimel,DIW,"CD, Album",24.0,Mint (M),Near Mint (NM or M-)
Mats Gustafsson,Parrot Fish Eye,"Okka Disk, Okka Disk","CD, Album",12.0,Mint (M),Mint (M)
Naked City,Live Volume 1: Knitting Factory 1989,Tzadik,"CD, Album",15.0,Mint (M),Near Mint (NM or M-)
Naked Prey,Naked Prey,Enigma Records (3),"LP, Album",12.0,Very Good Plus (VG+),Very Good Plus (VG+)
Ne Zhdali = Ne Zhdali,"Whatever Happens, Twist! = Воздух-Земля",RecRec Music,"CD, Album",10.0,Near Mint (NM or M-),Near Mint (NM or M-)
Oui Oui,La Ville,Fnac Music,"7"", Single",9.0,Near Mint (NM or M-),Very Good Plus (VG+)
Palinckx,"Spam, Scores & Encores",Vonk,"CD, Comp",10.0,Mint (M),Near Mint (NM or M-)
Paul Bley,Tears,"Owl Records (4), Owl Records (4)","CD, Album, RE",20.0,Mint (M),Near Mint (NM or M-)
Peter Brötzmann Group,Fuck De Boere (Dedicated To Johnny Dyani),"Atavistic, Atavistic","CD, Album",15.0,Mint (M),Near Mint (NM or M-)
R.E.M. / Coal Porters Featuring Sid Griffin,Academy Fight Song / Watching Bluegrass Burn,Bucketfull Of Brains,"7"", Single, Promo",7.0,Near Mint (NM or M-),Very Good Plus (VG+)
Radio 4,Eyes Wide Open,"City Slang, Labels","7"", MP",4.0,Very Good Plus (VG+),Very Good Plus (VG+)
Raymond Boni,"L'oiseau, L'arbre, Le Béton",Futura Records (2),"CD, Album, RE",12.0,Mint (M),Near Mint (NM or M-)
The Replacements,Don't Tell A Soul,"Sire, Reprise Records","LP, Album",15.0,Near Mint (NM or M-),Very Good Plus (VG+)
Ruf Der Heimat,Erste Heimat,Konnex Records,"CD, Album",28.0,Mint (M),Near Mint (NM or M-)
Sainkho,Letters,Leo Records,"CD, Album",9.0,Mint (M),Near Mint (NM or M-)
Sainkho,"Like A Bird Or Spirit, Not A Face",Ponderosa Music & Art,"CD, Album",10.0,Near Mint (NM or M-),Near Mint (NM or M-)
Serge Franklin,Free Sitar,Monde Melody,"LP, RE",15.0,Fair (F),Very Good (VG)
Serge Gainsbourg,La Chanson De Prévert,Philips,"2xLP, Comp, RE, Gat",20.0,Near Mint (NM or M-),Very Good Plus (VG+)
Shelley Hirsch,O Little Town Of East New York,Tzadik,"CD, Album",10.0,Mint (M),Near Mint (NM or M-)
Shelley Hirsch / David Weinstein,Haiku Lingo,Review Records,"CD, Album",7.0,Mint (M),Near Mint (NM or M-)
Small (2),True Zero Hook,Alias,LP,12.0,Very Good Plus (VG+),Very Good Plus (VG+)
Sonny Rollins,The Solo Album,Milestone (4),"LP, Album",18.0,Near Mint (NM or M-),Near Mint (NM or M-)
The Sonora Pine,II,Quarterstick Records,"LP, Album",15.0,Near Mint (NM or M-),Very Good Plus (VG+)
"Squadra, Compagnia Del Trallalero",Italie: Polyphonie Genoise,Buda Records,"CD, Album",9.0,Mint (M),Near Mint (NM or M-)
Thelonious Monk Trio,Thelonious Monk Trio,Barclay,"7"", EP",8.0,Good Plus (G+),Very Good Plus (VG+)
Tim Berne's Caos Totale,Pace Yourself,"JMT, JMT, JMT","CD, Album",7.0,Mint (M),Very Good Plus (VG+)
Various,Bush Taxi Mali: Field Recordings From Mali,Sublime Frequencies,"CD, Album",15.0,Mint (M),Near Mint (NM or M-)
Various,Disco Bhangra - Wedding Bands From Rajasthan,Avant,"CD, Album, Comp",8.0,Mint (M),Near Mint (NM or M-)
Various,Radio Palestine: Sounds Of The Eastern Mediterranean,Sublime Frequencies,"CD, Album",15.0,Mint (M),Near Mint (NM or M-)
Various,Radio Sumatra: The Indonesian FM Experience,Sublime Frequencies,"CD, Comp",11.0,Mint (M),Near Mint (NM or M-)
Various,Saetas - Cante De La Semana Santa Andaluza,Auvidis Ethnic,CD,8.0,Mint (M),Near Mint (NM or M-)
Wild Honey (2),Torres Blancas,Lovemonk,"LP, Album",17.0,Near Mint (NM or M-),Near Mint (NM or M-)
4Walls,Which Side Are You On,"Red Note, Red Note","CD, Album",9.0,Mint (M),Near Mint (NM or M-)
AALY Trio + Ken Vandermark,Hidden In The Stomach,Silkheart,CD,15.0,Mint (M),Near Mint (NM or M-)
"Ahmet Özden (2) , & Kumpanya Istanbul",Fanfare Tsigane De Thrace,Buda Musique,"CD, Album",10.0,Mint (M),Near Mint (NM or M-)
"Alex Cline, Kaoru (4), Miya Masaoka, G.E. Stinson",Cloud Plate,Cryptogramophone,"CD, Album",10.0,Near Mint (NM or M-),Very Good Plus (VG+)
AM 4,... And She Answered:,"ECM Records, ECM Records","CD, Album",9.0,Mint (M),Near Mint (NM or M-)
Annie Gosfield,Burnt Ivory And Loose Wires,Tzadik,"CD, Album",13.0,Mint (M),Near Mint (NM or M-)
Barre Phillips Avec Emilie Lesbros,No Man's Zone,Cinénato,"CD, Album",20.0,Mint (M),Near Mint (NM or M-)
Barry Guy / London Jazz Composers Orchestra,Portraits,Intakt Records,"2xCD, Album",18.0,Mint (M),Near Mint (NM or M-)
Barry Guy New Orchestra,Oort-Entropy,Intakt Records,"CD, Album",15.0,Mint (M),Mint (M)
The Beach Boys,Ballad Of An Old Car,Capitol Records,"7"", EP, Mono",60.0,Very Good (VG),Very Good Plus (VG+)
Camel Zekri,Le Cercle,La Nuit Transfigurée,CD,6.0,Very Good (VG),Near Mint (NM or M-)
Cannibales & Vahinés,Songs For A Free Body ,Mr Morezon,"CD, Album",11.0,Near Mint (NM or M-),Near Mint (NM or M-)
Daunik Lazro · Jean-Luc Cappozzo · Didier Lasserre,Garden(s),Ayler Records,"CD, Album",10.0,Near Mint (NM or M-),Near Mint (NM or M-)
Didier Petit,NOHC On The Road,Leo Lab,"CD, Album",13.0,Mint (M),Near Mint (NM or M-)
The Dirty Dozen Brass Band,My Feet Can't Fail Me Now,Concord Jazz,"CD, Album",10.0,Mint (M),Near Mint (NM or M-)
Eddie Harris & Les McCann,Second Movement,"Atlantic, Rhino Records (2)","CD, Album, RE, RM",14.0,Mint (M),Near Mint (NM or M-)
Edward Perraud,Synaesthetic Trip,Quark Records (2),"CD, Album",10.0,Near Mint (NM or M-),Very Good (VG)
Edward Vesala,Ode To The Death Of Jazz,"ECM Records, ECM Records","CD, Album",15.0,Mint (M),Very Good Plus (VG+)
The Electrics (2),Chain Of Accidents,Ayler Records,"CD, Album",6.0,Mint (M),Near Mint (NM or M-)
Eugene Chadbourne,Volume Two: Solo Acoustic Guitar,Rastascan Records,"CD, Album, RE",10.0,Mint (M),Mint (M)
Evan Parker / Barry Guy,Birds And Blades,"Intakt Records, Intakt Records","2xCD, Album",18.0,Mint (M),Near Mint (NM or M-)
The Ex & Guests,Instant,"Ex Records, Ex Records","2xCD, Album, DAD",8.0,Mint (M),Very Good Plus (VG+)
Faust,Ravvivando,Klangbad,"CD, Album",11.0,Mint (M),Near Mint (NM or M-)
Fernandez / Guy / López,Aurora,"Maya Recordings, Maya Recordings","CD, Album",12.0,Near Mint (NM or M-),Near Mint (NM or M-)
Fred Van Hove,Journey,psi (3),"CD, Album",10.0,Very Good Plus (VG+),Near Mint (NM or M-)
Gianluigi Trovesi / Gianni Coscia,Round About Weill,"ECM Records, ECM Records","CD, Album",8.0,Mint (M),Near Mint (NM or M-)
Gianluigi Trovesi All'opera,Profumo Di Violetta,"ECM Records, ECM Records","CD, Album",12.0,Mint (M),Near Mint (NM or M-)
Gianni Gebbia,Body Limits,Splasc(h) Records,"CD, Album",10.0,Near Mint (NM or M-),Near Mint (NM or M-)
Gianni Gebbia,Postille Nel Tempo 1989-1996,MRF,CD,8.0,Mint (M),Near Mint (NM or M-)
Gus Viseur,Les As Du Musette: Gus Viseur A Bruxelles,"Paris Jazz Corner Productions, Universal Music Jazz France, Universal Music France","CD, Album, Ltd",10.0,Mint (M),Mint (M)
Henri Texier,"""Izlaz"" / ""Colonel Skopje""",Label Bleu,"2xCD, RE",19.0,Mint (M),Near Mint (NM or M-)
Henri Texier,"""Mad Nomad(s)""",Label Bleu,"CD, Album",9.0,Mint (M),Near Mint (NM or M-)
"Igor Stravinsky, Pierre Boulez",Stravinsky : Ballets - Boulez,CBS Masterworks,"3xLP + Box, Comp",17.0,Near Mint (NM or M-),Very Good Plus (VG+)
John Coltrane,Transition,"GRP, Impulse!","CD, Album, RE, RM",20.0,Mint (M),Near Mint (NM or M-)
John Hicks,John Hicks,Evidence (5),"HDCD, Album, RE, RM",11.0,Mint (M),Near Mint (NM or M-)
John Lurie,Stranger Than Paradise And The Resurrection Of Albert Ayler (Music From The Original Scores) ,Strange & Beautiful Music,"CD, Album, RE",9.0,Very Good Plus (VG+),Very Good Plus (VG+)
John Zorn - Uri Caine,Moloch (Book Of Angels Volume 6),Tzadik,"CD, Album",23.0,Mint (M),Near Mint (NM or M-)
Jon Rose,://shopping.live@victo.,ReR Megacorp,"CD, Album",5.0,Mint (M),Near Mint (NM or M-)
Jon Rose,Techno Mit Störungen,Plag Dich Nicht,"CD, Album",10.0,Mint (M),Very Good Plus (VG+)
Kaze (4),Uminari,Circum-Libra Records,"CD, Album",10.0,Near Mint (NM or M-),Near Mint (NM or M-)
Keith Jarrett Trio = Keith Jarrett Trio,Somewhere Before = サムホエア・ビフォー,Vortex Records (2),"LP, Album, RE",25.0,Near Mint (NM or M-),Very Good Plus (VG+)
Kletka Red,Hijacking,Tzadik,"CD, Album",9.0,Near Mint (NM or M-),Near Mint (NM or M-)
Le Quintette Popolien,Mes Dix Doigts Dans Ton Nez,Plainisphare,"CD, Album",8.0,Mint (M),Very Good Plus (VG+)
Les Reines Prochaines,Le Coeur En Beurre (Doublegras),RecRec Music,"CD, Album",11.0,Near Mint (NM or M-),Near Mint (NM or M-)
Luc Ferrari,Cellule 75,Tzadik,"CD, Album",15.0,Mint (M),Near Mint (NM or M-)
Masada (3),50⁷,Tzadik,"CD, Album",13.0,Mint (M),Near Mint (NM or M-)
Massacre (2),Funny Valentine,Tzadik,"CD, Album",15.0,Mint (M),Near Mint (NM or M-)
Matthew Shipp Trio,The Multiplication Table,hatOLOGY,"CD, Album, RE",15.0,Mint (M),Near Mint (NM or M-)
Michael Formanek,Nature Of The Beast,Enja Records,"CD, Album",14.0,Mint (M),Near Mint (NM or M-)
Michel Portal,Men's Land,Label Bleu,"CD, Album",7.0,Mint (M),Near Mint (NM or M-)
Mike Westbrook Trio,Love For Sale,hat ART,"CD, Album",16.0,Near Mint (NM or M-),Near Mint (NM or M-)
Nels Cline,Coward,Cryptogramophone,"CD, Album",9.0,Mint (M),Near Mint (NM or M-)
Pachora,Unn,Knitting Factory Works,CD,5.0,Mint (M),Very Good Plus (VG+)
Palinckx,Border (Live In Zürich),Intakt Records,"CD, Album",12.0,Mint (M),Very Good Plus (VG+)
Peter Brötzmann Sextet / Peter Brötzmann Quartet,More Nipples,Atavistic,"CD, Album",16.0,Mint (M),Near Mint (NM or M-)
Philipp Wachsmann / Paul Lytton,Some Other Season,"ECM Records, ECM Records","CD, Album",8.0,Near Mint (NM or M-),Near Mint (NM or M-)
Pierre Dørge & New Jungle Orchestra,Ubi Zaa,SteepleChase,"CD, Album",10.0,Near Mint (NM or M-),Very Good Plus (VG+)
Pierre Favre Ensemble,Le Voyage,"Intakt Records, Intakt Records","CD, Album",10.0,Mint (M),Mint (M)
The Remote Viewers,Stranded Depots,Leo Lab,"CD, Album",8.0,Mint (M),Near Mint (NM or M-)
Rodney Kendrick,The Colors Of Rhythm,"Impulse!, Universal Music France","CD, Album",8.0,Mint (M),Near Mint (NM or M-)
Rudi Mahall,Quartett,Jazzwerkstatt,"CD, Album",12.0,Mint (M),Near Mint (NM or M-)
Sébastien Capazza / Didier Lasserre / Nicolas Talbot / Félix Baray,Gravitation,Amor Fati,"CD, Album, Ltd",10.0,Mint (M),Near Mint (NM or M-)
Slawterhaus,Live,Les Disques Victo,"CD, Album",8.0,Mint (M),Very Good Plus (VG+)
Slawterhaus,Monumental,Intakt Records,CD,10.0,Mint (M),Near Mint (NM or M-)
Terje Isungset,Reise,NORCD,"CD, Album, Dig",12.0,Very Good Plus (VG+),Very Good Plus (VG+)
Terje Rypdal,Lux Aeterna,"ECM Records, ECM Records","CD, Album",11.0,Mint (M),Very Good Plus (VG+)
The Thing (2) w/ Joe McPhee,She Knows...,"Crazy Wisdom, Universal Music AB","CD, Album",32.0,Mint (M),Near Mint (NM or M-)
"Thurston Moore, Tom Surgal, William Winant",Piece For Jetsun Dolma,Les Disques Victo,CD,7.0,Near Mint (NM or M-),Near Mint (NM or M-)
Tomasz Stańko,From The Green Hill,"ECM Records, ECM Records","CD, Album",10.0,Mint (M),Near Mint (NM or M-)
Various,Reservoir Dogs (Original Motion Picture Soundtrack),Geffen Records,"LP, Comp, RE, Bro",30.0,Near Mint (NM or M-),Very Good Plus (VG+)
Vienna Art Orchestra,American Rhapsody * A Tribute To George Gershwin,RCA Victor,"CD, Album",16.0,Mint (M),Very Good Plus (VG+)
Wadada Leo Smith's Golden Quartet,Golden Quartet,Tzadik,"CD, Album",20.0,Mint (M),Mint (M)
Yves Robert,In Touch,"ECM Records, ECM Records","CD, Album",8.0,Mint (M),Near Mint (NM or M-)
Zentralquartett,Careless Love,"Intakt Records, Intakt Records","CD, Album",15.0,Near Mint (NM or M-),Near Mint (NM or M-)
Aki Takase,Shima Shoka,Enja Records,"CD, Album",8.0,Near Mint (NM or M-),Very Good Plus (VG+)
Albert Ayler,Live In Greenwich Village (The Complete Impulse Recordings),Impulse!,"2xCD, Comp, RM",15.0,Mint (M),Near Mint (NM or M-)
Angélique Ionatos,Le Monogramme,Auvidis Tempo,"CD, Album",11.0,Mint (M),Near Mint (NM or M-)
Barry Guy,The Blue Shroud,Intakt Records,"CD, Album",14.0,Near Mint (NM or M-),Near Mint (NM or M-)
Barry Guy & London Jazz Composers Orchestra,Double Trouble,"Intakt Records, Intakt Records","CD, Album",12.0,Mint (M),Very Good Plus (VG+)
Barry Guy & London Jazz Composers Orchestra,Harmos,Intakt Records,"CD, Album",16.0,Mint (M),Very Good Plus (VG+)
Brötzmann / Van Hove / Bennink,FMP 130,Atavistic,"CD, Album, RE",15.0,Mint (M),Near Mint (NM or M-)
Butch Morris,"Verona - Conduction® No. 43, The Cloth (1994) / Conduction® No. 46, Verona Skyscraper® (1995)",Nu Bop Records,"2xCD, Album",15.0,Mint (M),Very Good Plus (VG+)
Chris McGregor's Brotherhood Of Breath,Travelling Somewhere,Cuneiform Records,"CD, Album",14.0,Mint (M),Near Mint (NM or M-)
"Claude Barthélémy, Manuel Denizet, Jean-Luc Ponthieux",Solide,Evidence (4),"CD, Album",9.0,Mint (M),Near Mint (NM or M-)
"Claudio Monteverdi - Monteverdi-Chor Hamburg, Jürgen Jürgens, Concentus Musicus Wien",Vespro Della Beata Vergine ,TELDEC,"2xCD, Album + Box",16.0,Mint (M),Near Mint (NM or M-)
"Claudio Monteverdi –  La Capella Reial De Catalunya, Montserrat Figueras, Guy De Mey, Maria Cristina Kiehr, Livio Picotti, Gerd Türk, Gian Paolo Fagotto, Paolo Costa (2), Pietro Spagnoli, Daniele Carnovich, Coro Del Centro Di Musica Antica Di Padova, Jord",Vespro Della Beata Vergine 1610,Astrée Auvidis,"2xCD, Album",18.0,Mint (M),Very Good Plus (VG+)
Cuong Vu,Come Play With Me,"Knitting Factory Records, Knitting Factory Records","CD, Album",7.0,Near Mint (NM or M-),Near Mint (NM or M-)
"Daunik Lazro, Michel Doneda & Lê Quan Ninh",26 Janvier 1988 Vandœuvre-Les-Nancy,"Adda, In Situ, Basta (7)","CD, Album",8.0,Mint (M),Near Mint (NM or M-)
Dora Lou,Répertoire Demi-Mondain,"Adda, Gorgone Productions","CD, Album",10.0,Mint (M),Near Mint (NM or M-)
Edward Vesala,Ode To The Death Of Jazz,"ECM Records, ECM Records","CD, Album",15.0,Near Mint (NM or M-),Near Mint (NM or M-)
Edward Vesala Sound & Fury,Invisible Storm,"ECM Records, ECM Records","CD, Album",12.0,Near Mint (NM or M-),Near Mint (NM or M-)
Edward Vesala Sound & Fury,Nordic Gallery,"ECM Records, ECM Records","CD, Album",10.0,Near Mint (NM or M-),Near Mint (NM or M-)
Erik Marchand & Taraf De Caransebeș,Dor,"LW (La World), RCA Victor, BMG Classics","CD, Album",9.0,Mint (M),Near Mint (NM or M-)
Ernst Reijseger with Mola Sylla and Serigne Gueye,Janna,Winter & Winter,"CD, Album",15.0,Mint (M),Mint (M)
The Fish (2),Live At Olympic Café & Jazz À Mulhouse,Ayler Records,"2xCD, Album",12.0,Mint (M),Near Mint (NM or M-)
Food,Veggie,Rune Grammofon,"CD, Album",10.0,Mint (M),Near Mint (NM or M-)
"François Couperin - Il Seminario Musicale, Gérard Lesne",Leçons De Ténèbres,Harmonic Records,"CD, Album",13.0,Mint (M),Near Mint (NM or M-)
Gérard Marais - Raymond Boni,La Belle Vie,Label Hopi,"CD, Album",14.0,Mint (M),Near Mint (NM or M-)
"Giacomo Puccini / Maria Callas, Giuseppe di Stefano, Tito Gobbi, Orchestra Del Teatro Alla Scala E Coro Del Teatro Alla Scala, Victor De Sabata",Tosca,"EMI Classics, EMI Classics","2xCD, Album, Mono, RP + Box, Sli",9.0,Near Mint (NM or M-),Very Good Plus (VG+)
Globe Unity Orchestra,Globe Unity 2002,Intakt Records,"CD, Album",15.0,Mint (M),Near Mint (NM or M-)
Gustav Mahler / Radio-Sinfonie-Orchester Frankfurt / Eliahu Inbal,Symphony No. 5,Denon,"CD, Album",6.0,Mint (M),Near Mint (NM or M-)
Guy Klucevsek And The Bantam Orchestra,"Citrus, My Love",RecRec Music,"CD, Album",20.0,Mint (M),Mint (M)
Hamid Drake & Assif Tsahar,"Live At Glenn Miller Cafè, Soul Bodies, Vol. 2",Ayler Records,"CD, Album",14.0,Mint (M),Near Mint (NM or M-)
"Hamid Drake & Bindu, Hamid Drake, Ernest ""Khabeer"" Dawkins, Daniel Carter, Sabir Mateen, Greg Ward (2), Nicole Mitchell",Bindu,Rogueart,"CD, Album",11.0,Mint (M),Near Mint (NM or M-)
Henry Purcell – Hespèrion XX,Fantasias For The Viols 1680,Astrée Auvidis,"CD, Album",7.0,Mint (M),Near Mint (NM or M-)
Jacques Demierre - Barry Guy - Lucas Niggli,Brainforest,Intakt Records,"CD, Album",15.0,Mint (M),Near Mint (NM or M-)
Jan Garbarek / The Hilliard Ensemble,Officium,"ECM New Series, ECM New Series, ECM New Series","CD, Album, Sli",8.0,Mint (M),Near Mint (NM or M-)
"Jim Black, Alasnoaxis",Alasnoaxis,Winter & Winter,"CD, Album",10.0,Near Mint (NM or M-),Near Mint (NM or M-)
John Zorn,Filmworks VI 1996,Tzadik,"CD, Album",10.0,Near Mint (NM or M-),Near Mint (NM or M-)
Larry Ochs Sax & Drumming Core,The Neon Truth,Black Saint,"CD, Album",6.0,Mint (M),Near Mint (NM or M-)
Last Exit,Köln,Atavistic,"CD, Album, RE",15.0,Near Mint (NM or M-),Near Mint (NM or M-)
Lê Quan Ninh,Ustensiles,For 4 Ears,"CD, Album",7.0,Very Good Plus (VG+),Near Mint (NM or M-)
Leo Cuypers,Zeeland Suite & Johnny Rep Suite,BV HAAST Records,"CD, Comp",15.0,Mint (M),Near Mint (NM or M-)
Louis Sclavis,Danses Et Autres Scènes,Label Bleu,"HDCD, Album",12.0,Mint (M),Near Mint (NM or M-)
Marc Ribot,Shrek,Avant,"CD, Album",15.0,Mint (M),Near Mint (NM or M-)
Massacre (2),Lonely Heart,Tzadik,"CD, Album",15.0,Mint (M),Near Mint (NM or M-)
"Max Nagl, Steven Bernstein, Noël Akchoté, Brad Jones",Big Four,hatOLOGY,"CD, Album",7.0,Near Mint (NM or M-),Near Mint (NM or M-)
Maya Homburger / Barry Guy,Ceremony,"ECM New Series, ECM New Series, ECM New Series","CD, Album",10.0,Mint (M),Near Mint (NM or M-)
"Michel Doneda, Jean Pallandre",Eclipses,Ouïe-Dire Production,CD,10.0,Mint (M),Near Mint (NM or M-)
Ne Zhdali,"Whatever Happens, Twist!",No Man's Land,"CD, Album, RE",5.0,Mint (M),Near Mint (NM or M-)
Palinckx,Momentum & Wag,Vonk,"CD, Album",9.0,Mint (M),Near Mint (NM or M-)
Philippe Deschepper,Attention Escalier - Guitare Solo,émouvance,"CD, Album",10.0,Near Mint (NM or M-),Near Mint (NM or M-)
Raoul Björkenheim & Krakatau,Ritual,Cuneiform Records,"CD, Album, RE",10.0,Mint (M),Near Mint (NM or M-)
"Reinette L'Oranaise , Accompagnée Au Piano Par Mustapha Skandrani",Trésors De La Musique Arabo-Andalouse ,Michel Levy Productions,"CD, Album",15.0,Mint (M),Very Good Plus (VG+)
Richard Strauss / Dietrich Fischer-Dieskau • Wolfgang Sawallisch,"Lieder / Morgen • Traum Durch Die Dämmerung • Ruhe, Meine Seele",Deutsche Grammophon,CD,8.0,Mint (M),Near Mint (NM or M-)
The Rolling Stones,December's Children (And Everybody's),"ABKCO, ABKCO","LP, Album, RE, RM",28.0,Very Good Plus (VG+),Very Good (VG)
The Rolling Stones,Metamorphosis,Decca,"LP, Comp, RE",15.0,Very Good Plus (VG+),Very Good Plus (VG+)
The Rolling Stones,Out Of Our Heads,"ABKCO, London Records","LP, Album, RE",25.0,Very Good Plus (VG+),Very Good Plus (VG+)
Roof,The Untraceable Cigar,"Red Note, Manifatture Criminali","CD, Album",25.0,Mint (M),Near Mint (NM or M-)
Roof,Trace,Red Note,"CD, Album",14.0,Mint (M),Very Good Plus (VG+)
Rova Saxophone Quartet,Long On Logic,Sound Aspects Records,"CD, Album",27.0,Mint (M),Near Mint (NM or M-)
Ruf Der Heimat,Machine Kaput,Konnex Records,"CD, Album",22.0,Mint (M),Near Mint (NM or M-)
Saadet Türköz,Kara Toprak = The Dark Land (Oriental Ways: From Turkestan To Istanbul),Amori,"CD, Album",20.0,Near Mint (NM or M-),Near Mint (NM or M-)
Sakis Papadimitriou,Piano Cellules,"In Situ, Adda","CD, Album",14.0,Mint (M),Mint (M)
Soft Machine,Backwards,"Cuneiform Records, Cuneiform Records","CD, Album",12.0,Mint (M),Near Mint (NM or M-)
Spaceways Incorporated,Version Soul,Atavistic,"CD, Album",10.0,Mint (M),Near Mint (NM or M-)
"Steve Lacy, Ulrich Gumpert",Deadline,Sound Aspects Records,"CD, Album",20.0,Mint (M),Mint (M)
Stu Martin Trio,Sunrise,EPM,"CD, Album",14.0,Mint (M),Near Mint (NM or M-)
Tomasz Stańko,From The Green Hill,"ECM Records, ECM Records","CD, Album",10.0,Mint (M),Near Mint (NM or M-)
Trio Chemirani,Tchechmeh,émouvance,"CD, Album",18.0,Mint (M),Near Mint (NM or M-)
Various,FMP Story,Musica Jazz,"CD, Comp",10.0,Mint (M),Near Mint (NM or M-)
"Vincenzo Bellini / Joan Sutherland, Marilyn Horne, John Alexander (7), Richard Cross, The London Symphony Orchestra, Richard Bonynge",Norma,Decca,"3xCD, Album, RE, RM + Box",14.0,Mint (M),Very Good Plus (VG+)
Xavier Garcia / Gianni Gebbia / Nils Wogram,Pronto!,Intakt Records,"CD, Album",12.0,Mint (M),Near Mint (NM or M-)
Yves Dormoy,For A Long Time I Used To Hate Cities,Signature (9),"CD, Album",8.0,Near Mint (NM or M-),Near Mint (NM or M-)
Zoor,Volumes A + B,Umlaut Records,"CD, Album",8.0,Mint (M),Very Good Plus (VG+)
Abdel Aziz El Mubarak,Straight From The Heart,World Circuit,"CD, Album",7.0,Mint (M),Very Good Plus (VG+)
Arcana (4),The Last Wave,DIW,"CD, Album",35.0,Mint (M),Near Mint (NM or M-)
Atrium Musicae De Madrid Dir. Gregorio Paniagua,Musique Arabo-Andalouse,Harmonia Mundi,"CD, Album, RE",6.0,Mint (M),Very Good Plus (VG+)
Baroque Bordello,Via,Garage,"LP, Album, RE",18.0,Very Good Plus (VG+),Very Good Plus (VG+)
Barry Guy,Portrait,Intakt Records,"CD, Comp",15.0,Mint (M),Mint (M)
Barry Guy / Marilyn Crispell / Paul Lytton,Odyssey,Intakt Records,"CD, Album",19.0,Mint (M),Near Mint (NM or M-)
Bernard Lenoir,Best Of Peel Sessions,"Strange Fruit, Fnac Music","LP, Comp",15.0,Very Good (VG),Very Good Plus (VG+)
Boban Marković Orkestar,Live In Belgrade,Piranha,"CD, Album",6.0,Mint (M),Near Mint (NM or M-)
Brötzmann / Van Hove / Bennink,Balls,Atavistic,"CD, Album, RE",20.0,Mint (M),Mint (M)
Carla Bley,4X4,"WATT (2), ECM Records","CD, Album",11.0,Mint (M),Near Mint (NM or M-)
Cassiber,Beauty And The Beast,ReR Megacorp,"CD, Album, RE",10.0,Mint (M),Near Mint (NM or M-)
Christian Wallumrød Ensemble,A Year From Easter,"ECM Records, ECM Records","CD, Album",10.0,Mint (M),Mint (M)
Clusone 3,Clusone 3,Ramboy Recordings,"CD, Album",15.0,Mint (M),Near Mint (NM or M-)
Daunik Lazro,Some Other Zongs,Ayler Records,"CD, Album",8.0,Mint (M),Mint (M)
Daunik Lazro / Joe McPhee,"Élan, Impulse","Adda, In Situ","CD, Album",15.0,Mint (M),Very Good Plus (VG+)
Daunik Lazro / Joëlle Léandre,Hasparren,NoBusiness Records,"CD, Album",12.0,Mint (M),Near Mint (NM or M-)
Deep Purple,Love Conquers All,"RCA, BMG","7"", Shape, Single, Ltd, Pic",25.0,Very Good (VG),Very Good Plus (VG+)
Dragon Blue,Hades Park,Avant,"CD, Album",13.0,Mint (M),Near Mint (NM or M-)
"Eleni Karaindrou, Kim Kashkashian",Ulysses' Gaze,"ECM Records, ECM Records, ECM New Series, ECM New Series","CD, Album",15.0,Mint (M),Near Mint (NM or M-)
Equidad Barès,Mes Espagnes,Silex,"CD, Album",18.0,Mint (M),Near Mint (NM or M-)
The Ex + Tom Cora,And The Weathermen Shrug Their Shoulders,"RecRec Music, Ex Records","CD, Album",8.0,Mint (M),Very Good Plus (VG+)
Fred Frith,Clearing,Tzadik,"CD, Album",10.0,Near Mint (NM or M-),Near Mint (NM or M-)
Gaguik Mouradian - Claude Tchamitchian,Le Monde Est Une Fenêtre,émouvance,"CD, Album",10.0,Mint (M),Near Mint (NM or M-)
"Gustav Mahler, Kathleen Ferrier, Julius Patzak, Wiener Philharmoniker, Bruno Walter",Das Lied Von Der Erde / Three Rückert Lieder,Naxos Historical,CD,9.0,Mint (M),Near Mint (NM or M-)
Hilmar Jensson,Tyft,Songlines Recordings,"CD, Album",10.0,Mint (M),Near Mint (NM or M-)
Hubert Félix Thiéfaine,...Tout Corps Vivant Branché Sur Le Secteur Étant Appelé À S'émouvoir...,"Sterne, Sterne","LP, Album, RE",15.0,Very Good Plus (VG+),Good Plus (G+)
Hubert Félix Thiéfaine,"De L'amour, De L'art Ou Du Cochon?",Sterne,"LP, Album",14.0,Very Good Plus (VG+),Very Good (VG)
Jacques Thollot,Tenga Niña,Nato,"CD, Album",10.0,Mint (M),Near Mint (NM or M-)
Jane,Here We Are,"Brain, Brain, Metronome","LP, Album",20.0,Very Good Plus (VG+),Good Plus (G+)
Jane,III,"Brain, Brain","LP, Album, RE, NO ",18.0,Very Good Plus (VG+),Good Plus (G+)
Jane,Lady,"Brain, Brain","LP, Album, RE, LC ",18.0,Very Good Plus (VG+),Very Good (VG)
John Zorn,Madrigals (For Six Female Voices),Tzadik,"CD, Album",14.0,Mint (M),Near Mint (NM or M-)
"Josquin Des Prés, The Tallis Scholars, Peter Phillips (2)",L'Homme Armé Masses,Gimell,"CD, Album",6.0,Mint (M),Very Good Plus (VG+)
Kahil El'Zabar / Billy Bang,Spirits Entering,Delmark Records,"CD, Album",15.0,Mint (M),Near Mint (NM or M-)
Koçani Orkestar,A Gypsy Brass Band,"Long Distance, Fnac Music","CD, Album",7.0,Mint (M),Near Mint (NM or M-)
Kristoff K.Roll,Corazón Road,"SONARt, SONARt",CD,9.0,Mint (M),Near Mint (NM or M-)
Last Exit,Köln,"ITM Records (2), ITM Records (2)","CD, Album",14.0,Mint (M),Mint (M)
Lili Boniche,Alger Alger,APC,"CD, Album",15.0,Mint (M),Near Mint (NM or M-)
Lou Reed,Lou Reed Live - Take No Prisoners,RCA Victor,"2xLP, RP, Gat",25.0,Very Good Plus (VG+),Very Good Plus (VG+)
Louis Sclavis,Chine ,IDA Records,"CD, Album",11.0,Mint (M),Near Mint (NM or M-)
Luna Parker,Félin Pour L'Autre,Barclay,"LP, Album",20.0,Very Good Plus (VG+),Very Good (VG)
Max Nagl Ensemble,Ramasuri,hatOLOGY,"CD, Album",8.0,Mint (M),Very Good Plus (VG+)
Maya Homburger - Barry Guy,Tales Of Enchantment,Intakt Records,"CD, Album",14.0,Mint (M),Near Mint (NM or M-)
Michael Nyman - Ute Lemper,Songbook,Decca,"CD, Album",7.0,Mint (M),Very Good Plus (VG+)
"Miniature / Joey Baron, Tim Berne, Hank Roberts",Miniature,"JMT, JMT","CD, Album",18.0,Mint (M),Very Good Plus (VG+)
Minimal Compact,One By One,Madrigal,"LP, Album",15.0,Very Good Plus (VG+),Very Good Plus (VG+)
The Moody Blues,In Search Of The Lost Chord,Deram,"LP, Album, RE, Gat",15.0,Very Good Plus (VG+),Very Good (VG)
Munir Bashir,Maqâmat,Inedit,"CD, Album",10.0,Mint (M),Very Good Plus (VG+)
The Nels Cline Singers,The Giant Pin,Cryptogramophone,"CD, Album",10.0,Mint (M),Very Good Plus (VG+)
New Klezmer Trio,Melt Zonk Rewire,Tzadik,"CD, Album",19.0,Mint (M),Very Good Plus (VG+)
Palinckxquartet,"If P, Then Q..... Mind Yours!",Vonk,"CD, Album",14.0,Mint (M),Very Good Plus (VG+)
Paul Bley,Homage To Carla,Owl Records (4),"CD, Album",20.0,Mint (M),Near Mint (NM or M-)
"Paul Bley, Gary Peacock",Partners,Owl Records (4),"CD, Album",12.0,Mint (M),Near Mint (NM or M-)
"Peter Brötzmann, Maleem Mahmoud Ghania & Hamid Drake","The ""Wels"" Concert","Okka Disk, Okka Disk",CD,20.0,Mint (M),Very Good Plus (VG+)
Priska Walss,Aurora,Schweiz. Tonkünstlerverein,"CD, Album",15.0,Mint (M),Near Mint (NM or M-)
Raymond Boni / Joe McPhee,Voices & Dreams,émouvance,"CD, Album",10.0,Mint (M),Near Mint (NM or M-)
Reinette L'Oranaise,Mémoires,Blue Silver,"CD, Album",10.0,Mint (M),Near Mint (NM or M-)
The Remote Viewers,The Minimum Programme Of Humanity,Leo Records,"CD, Album",12.0,Mint (M),Near Mint (NM or M-)
Roland Kirk,The Inflated Tear,"Rhino Records (2), Atlantic","CD, Album, RE, RM",14.0,Mint (M),Very Good Plus (VG+)
Rova Saxophone Quartet & The Nels Cline Singers,The Celestial Septet,New World Records,"CD, Album",20.0,Mint (M),Near Mint (NM or M-)
Yves Robert,Tout Court,Deux Z,"CD, Album",8.0,Mint (M),Near Mint (NM or M-)
"Alexander von Schlippenbach, Axel Dörner | Rudi Mahall | Jan Roder | Uli Jenneßen",Monk's Casino (The Complete Works Of Thelonious Monk),Intakt Records,"3xCD + Box, Album",40.0,Mint (M),Near Mint (NM or M-)
Alice Phoebe Lou,Orbit,Not On Label (Alice Phoebe Lou Self-released),"LP, Album",40.0,Very Good Plus (VG+),Near Mint (NM or M-)
Benjamin Biolay,Palermo Hollywood ,"Maison Barclay, Riviera (3)","CD, Album + CD + Ltd, S/Edition",22.0,Mint (M),Near Mint (NM or M-)
The Brecker Brothers,Return Of The Brecker Brothers,"Verve Records, GRP","CD, Album, RE, RM, Dig",6.0,Mint (M),Near Mint (NM or M-)
Bruno Coulais,Stabat Mater,Naïve,CD,12.0,Mint (M),Very Good Plus (VG+)
Captain Beefheart And The Magic Band,Safe As Milk,"Buddah Records, Music On Vinyl, RCA","LP, Album, RE, 180 + LP, 180",25.0,Very Good Plus (VG+),Near Mint (NM or M-)
Carlos Núñez,Alborada Do Brasil,"Sony Music, RCA Victor","CD, Album",10.0,Near Mint (NM or M-),Near Mint (NM or M-)
Cesaria Evora,Miss Perfumado,Lusafrica,"CD, Album",12.0,Mint (M),Near Mint (NM or M-)
Charles Mingus,Blues & Roots,Atlantic,"CD, Album, RE, RM, Dig",8.0,Mint (M),Near Mint (NM or M-)
Charles Mingus,Live At Montreux 1975,Eagle Eye Media,"DVD-V, PAL",12.0,Near Mint (NM or M-),Very Good Plus (VG+)
Creedence Clearwater Revival,Bayou Country,"Fantasy, Fantasy","LP, Album, Ind",10.0,Good Plus (G+),Good Plus (G+)
Creedence Clearwater Revival,Willy and the Poor Boys,"Fantasy, UMG Recordings, Inc.","LP, Album, Ltd, Gre",25.0,Near Mint (NM or M-),Very Good Plus (VG+)
Deep Purple,Come Hell Or High Water,Sony BMG Music Entertainment,"DVD-V, PAL, Reg",10.0,Mint (M),Near Mint (NM or M-)
Dick Tracy (2),Slim Bretzel,Les Disques Du Soleil Et De L'Acier,"12""",15.0,Very Good Plus (VG+),Very Good (VG)
The Doors,Full Circle,"Rhino Vinyl, Elektra","LP, Album, RE, RM, Gat",22.0,Near Mint (NM or M-),Very Good Plus (VG+)
The Doors,The Doors,"Elektra, Rhino Vinyl","LP, Album, RE, 180",24.0,Near Mint (NM or M-),Near Mint (NM or M-)
Dr. Dre / Mack 10,Keep Their Heads Ringin' / Take A Hit,"Priority Records, Virgin","12""",10.0,Very Good Plus (VG+),Very Good Plus (VG+)
Elvis Presley,A Date With Elvis,RCA,"LP, Comp, RE",12.0,Near Mint (NM or M-),Very Good Plus (VG+)
Elvis Presley,Elvis Presley,RCA,"LP, Album, RE",12.0,Very Good (VG),Very Good (VG)
Elvis Presley,From Elvis In Memphis,RCA Victor,"LP, Album, RE",12.0,Very Good Plus (VG+),Very Good Plus (VG+)
Elvis Presley,His Hand In Mine,RCA International,"LP, Album, RE",15.0,Mint (M),Very Good Plus (VG+)
Eric Clapton,Eric Clapton,Polydor,"CD, Album, RE, RM",8.0,Mint (M),Near Mint (NM or M-)
"Erik Truffaz with Manu Codjia, Michel Benita, Philippe Garcia",Mantis,"Blue Note, EMI","CD, Album, Dig",7.0,Mint (M),Very Good Plus (VG+)
The Growlers (2),Not. Psych!,FatCat Records,"12"", MiniAlbum, Gre",60.0,Very Good Plus (VG+),Very Good Plus (VG+)
Hawaii Samurai,The Shape Of Surf To Come...,Productions Impossible Records,"LP, Ltd, Num, RE",14.0,Very Good Plus (VG+),Near Mint (NM or M-)
Henri Texier,Chance,Label Bleu,"CD, Album",14.0,Near Mint (NM or M-),Not Graded
Henri Texier,Dakota Mab (Live At Theater Gütersloh),Intuition Records,"CD, Album",14.0,Near Mint (NM or M-),Very Good Plus (VG+)
Henri Texier,Respect,Label Bleu,"CD, Album",8.0,Mint (M),Near Mint (NM or M-)
Henri Texier,Sand Woman,Label Bleu,"CD, Album",12.0,Near Mint (NM or M-),Near Mint (NM or M-)
Henri Texier Hope Quartet,At «L'Improviste»,"Label Bleu, Label Bleu","CD, Album",10.0,Mint (M),Very Good Plus (VG+)
Henri Texier Red Route Quartet,Love Songs Reflexions,Label Bleu,"CD, Album",8.0,Mint (M),Very Good Plus (VG+)
Henri Texier Sky Dancers 6,Sky Dancers,Label Bleu,"CD, Album",12.0,Near Mint (NM or M-),Near Mint (NM or M-)
Ibrahim Maalouf,10 Ans De Live !,Mi'ster Productions,"CD, Album + DVD-V, PAL, 5.1",20.0,Near Mint (NM or M-),Near Mint (NM or M-)
Ibrahim Maalouf,Kalthoum,"Mi'ster Productions, Mi'ster Productions","CD, Album, Box",8.0,Mint (M),Near Mint (NM or M-)
Ibrahim Maalouf,Red & Black Light,Mi'ster Productions,"CD, Album",8.0,Very Good Plus (VG+),Near Mint (NM or M-)
Jane,Rock On Brain,Brain,"2xLP, Comp",20.0,Very Good (VG),Good (G)
The Jimi Hendrix Experience,Are You Experienced,"Experience Hendrix, Legacy, Music On Vinyl","2xLP, Album, RE, RM, 180",30.0,Very Good Plus (VG+),Very Good Plus (VG+)
The Jimi Hendrix Experience,"Electric Church (Atlanta Pop Festival July 4, 1970)","Experience Hendrix, Legacy","DVD-V, Copy Prot., NTSC",10.0,Mint (M),Near Mint (NM or M-)
The Jimi Hendrix Experience,Electric Ladyland,"Experience Hendrix, Legacy, Music On Vinyl","2xLP, Album, RE, RM, 180",22.0,Very Good (VG),Near Mint (NM or M-)
Katerine,Mes Mauvaises Fréquentations,"Rosebud, Rosebud, Rosebud","4xCD + Box, Album",15.0,Very Good Plus (VG+),Very Good (VG)
Lee Perry & The Upsetters / Sly & The Revolutionaries,Reminah Dub,"Original Music, Original Music","CD, Album",15.0,Near Mint (NM or M-),Mint (M)
Lee Perry Feat. Mad Professor / Douggie Digital / Juggler,Super Ape Inna Jungle,Ariwa,"CD, Album",10.0,Near Mint (NM or M-),Mint (M)
Little Roy,Tafari Earth Uprising,Pressure Sounds,"CD, Comp",45.0,Mint (M),Near Mint (NM or M-)
Marie-Blanche Vergne,J'Ai L'Amour À Fleur De Peau,Columbia,"7"", EP",85.0,Very Good Plus (VG+),Very Good Plus (VG+)
Michel Colombier,Wings,A&M Records,"CD, Album, RE, Dig",40.0,Near Mint (NM or M-),Near Mint (NM or M-)
Miles Davis & Quincy Jones,Live At Montreux,Eagle Vision,"DVD-V, RE, PAL",10.0,Mint (M),Very Good Plus (VG+)
Nas,The Message,Columbia,"12""",25.0,Very Good Plus (VG+),Very Good Plus (VG+)
Netzwerk (2),The Pros And Cons Of Virtual Suicide,Shift Music,"CD, Album",14.0,Mint (M),Near Mint (NM or M-)
Niney The Observer Presents Observer Allstars,Turbo Charge,Heartbeat Records (2),"LP, Comp",10.0,Very Good Plus (VG+),Near Mint (NM or M-)
Patrick Bruel,Alors Regarde...,RCA,"LP, Album",10.0,Very Good (VG),Very Good Plus (VG+)
Pharoahe Monch,W.A.R. (We Are Renegades),"Duck Down, W.A.R. Media","CD, Album",12.0,Near Mint (NM or M-),Near Mint (NM or M-)
Pink Floyd,Pulse,"EMI United Kingdom, EMI United Kingdom","2xCD, Album, Dig + Box",40.0,Mint (M),Very Good Plus (VG+)
Pink Floyd,Wish You Were Here,Harvest,"LP, Album",20.0,Very Good (VG),Very Good (VG)
POW!,Shift,"Castle Face, Castle Face","LP, Ltd, Pep",22.0,Near Mint (NM or M-),Mint (M)
Prince Far I & The Arabs,Crytuff Dub Encounter Chapter One,Pressure Sounds,"CD, Album, RE",10.0,Near Mint (NM or M-),Near Mint (NM or M-)
Queen,Innuendo,"Parlophone, Parlophone","CD, Album, Ltd",20.0,Mint (M),Near Mint (NM or M-)
Rail Band,Mansa,Indigo (12),"CD, Album",14.0,Mint (M),Near Mint (NM or M-)
"Romano, Sclavis, Texier, Guy Le Querrec",African Flashback,Label Bleu,"CD, Ltd, Dig",22.0,Mint (M),Near Mint (NM or M-)
Saadet Türköz,Marmara Sea,Intakt Records,"CD, Album",8.0,Near Mint (NM or M-),Very Good Plus (VG+)
Sting,...Nada Como El Sol (Selecciones Especiales En Espanol Y Portugues),A&M Records,"CD, MiniAlbum, RE",8.0,Mint (M),Near Mint (NM or M-)
Stochelo Rosenberg / Romane,Gypsy Guitar Masters,Iris Music,"CD, Album + DVD",12.0,Very Good Plus (VG+),Near Mint (NM or M-)
Superchunk,Here's Where The Strings Come In,City Slang,"CD, Album",20.0,Very Good Plus (VG+),Near Mint (NM or M-)
The Supremes,My World Is Empty Without You,Hard Food Records,"7"", Unofficial",10.0,Very Good (VG),Generic
Suzanne Vega,Luka ,A&M Records,"12"", Maxi",15.0,Near Mint (NM or M-),Very Good Plus (VG+)
Various,If It's Tuesday ... Sprouts,Fontana,"LP, Comp",15.0,Very Good Plus (VG+),Very Good (VG)
حمزة شكور Et Ensemble Al-Kindî,Syrie / Musique Des Derviches Tourneurs De Damas,Auvidis Ethnic,"CD, Album",20.0,Mint (M),Near Mint (NM or M-)
24-7 Spyz,Gumbo Millennium,In-Effect,"LP, Album",8.0,Very Good Plus (VG+),Very Good Plus (VG+)
Al Di Meola,Electric Rendezvous,CBS,"CD, Album, RE",7.0,Near Mint (NM or M-),Very Good Plus (VG+)
Al Di Meola,Splendido Hotel,CBS,"CD, Album, RE, RM",5.0,Very Good Plus (VG+),Very Good (VG)
Aldo Romano,To Be Ornette To Be,"Owl Records (4), Owl Records (4)","CD, Album",10.0,Near Mint (NM or M-),Near Mint (NM or M-)
Antonio Faraò / Miroslav Vitous / Daniel Humair,Takes On Pasolini,C.A.M. Jazz,"CD, Album",10.0,Near Mint (NM or M-),Good Plus (G+)
The Art Of Noise,Moments In Love,ZTT,"12"", Single, RE, Die",5.0,Very Good (VG),Generic
Asaf Avidan,Different Pulses ,Telmavar Records,"LP, Album",18.0,Very Good Plus (VG+),Near Mint (NM or M-)
B.B. King,Three O'Clock Blues,Wagram Music,"LP, Comp, Mono, RE, RM, 180",14.0,Near Mint (NM or M-),Near Mint (NM or M-)
Bee Gees / Mariah Carey,Too Bee Or Not Gee Bee / Mariah Was Here,Black Wax,"12"", Unofficial",10.0,Very Good Plus (VG+),Generic
Bérurier Noir,"""Abracadaboum!""",Bondage Records,"LP, Album",18.0,Very Good (VG),Very Good Plus (VG+)
Billy Nomates,Billy Nomates,Invada,"LP, Album, Ltd, Yel",28.0,Mint (M),Mint (M)
Billy Nomates,Billy Nomates,Invada,"LP, Album, Ltd, Yel",28.0,Mint (M),Mint (M)
Billy Nomates,Emergency Telephone,Invada,"12"", EP, Ltd, Blu",22.0,Mint (M),Mint (M)
Billy Nomates,Emergency Telephone,Invada,"12"", EP, Ltd, Blu",22.0,Mint (M),Mint (M)
Black Box / Gwen Guthrie,Striked Up (Remix) / Pay The Rent Boy,Black Wax,"12"", Single, Unofficial",5.0,Near Mint (NM or M-),Generic
The Brecker Brothers,Collection / Volume Two,"BMG, Novus, RCA","CD, Comp, RM, RP",7.0,Near Mint (NM or M-),Near Mint (NM or M-)
The Brecker Brothers,Heavy Metal Be-Bop,"Arista, BMG France","CD, Album, RE",8.0,Near Mint (NM or M-),Near Mint (NM or M-)
Brigitte Bardot,Brigitte Bardot,PolyGram,"LP, Comp",18.0,Very Good Plus (VG+),Very Good Plus (VG+)
Brigitte Bardot,La Madrague,Wagram Music,"LP, Comp, RM, 180",14.0,Mint (M),Mint (M)
Camouflage,Voices & Images,Metronome,"LP, Album, Ltd",15.0,Very Good (VG),Very Good (VG)
Cardiacs,Radio 1 Sessions / The Evening Show,"Strange Fruit, Nighttracks","12""",45.0,Near Mint (NM or M-),Near Mint (NM or M-)
Charles De Goal,Double Face,New Rose Records,"2xLP, Album",15.0,Very Good Plus (VG+),Very Good Plus (VG+)
Christian Death,The Scriptures,"Normal, Normal","LP, Album, Ltd, M/Print, Gat + 7"", Single",20.0,Near Mint (NM or M-),Near Mint (NM or M-)
The Clash / Big Audio Dynamite II,Should I Stay Or Should I Go / Rush,"Columbia, Columbia","7"", Single, Sma",8.0,Very Good Plus (VG+),Good Plus (G+)
David Bowie,Let's Dance,"EMI America, EMI America","LP, Album",14.0,Very Good Plus (VG+),Very Good Plus (VG+)
David Bowie Music By Giorgio Moroder,Cat People (Putting Out Fire) (Long Version) (From The Original Soundtrack),MCA Records,"12"", Sup",6.0,Very Good Plus (VG+),Very Good (VG)
Depeche Mode,The Best Of (Volume 1),"Mute, Mute","CD, Comp, RM + DVD-V, Comp, PAL",12.0,Very Good Plus (VG+),Very Good (VG)
Devo,"Now It Can Be Told, Devo At The Palace 12/9/88",Enigma Records (3),"2xLP, Album",30.0,Near Mint (NM or M-),Very Good Plus (VG+)
E.S.T.,E.S.T. Live '95,ACT (4),"CD, Album, RE, Dig",12.0,Near Mint (NM or M-),Near Mint (NM or M-)
East India Youth,Culture Of Volume,XL Recordings,"2xLP, Album",8.0,Near Mint (NM or M-),Near Mint (NM or M-)
Gérard Manset,Toutes Choses,EMI France,"2xCD, Comp, RE + Box",15.0,Near Mint (NM or M-),Very Good Plus (VG+)
Ghostface Killah,The Lost Tapes,"Holy Toledo Productions, Cream Records Unlimited","LP, Album",24.0,Mint (M),Mint (M)
"Girolamo Frescobaldi, Concerto Italiano, Rinaldo Alessandrini",Arie Musicali ,Opus 111,CD,12.0,Near Mint (NM or M-),Very Good (VG)
Godflesh,Streetcleaner,Earache,"CD, Album, RE",12.0,Near Mint (NM or M-),Mint (M)
"Herbert von Karajan, Berliner Philharmoniker",Rossini / Suppé: Overtures,Deutsche Grammophon,"CD, Comp",8.0,Near Mint (NM or M-),Near Mint (NM or M-)
Howlin' Wolf,Rockin' Chair,WaxTime In Color,"LP, Album, Ltd, RE, Pur",18.0,Near Mint (NM or M-),Near Mint (NM or M-)
Ian Dury / The Seven Seas Players,Twelve Fun Inches !,Polydor,"12""",20.0,Very Good Plus (VG+),Very Good (VG)
Idles,Brutalism,Partisan Records,"LP, Album, RE, RM",24.0,Mint (M),Mint (M)
Ivinho,Ao Vivo,Nonesuch,LP,20.0,Near Mint (NM or M-),Very Good (VG)
Jaco Pastorius,"Live In New York City, Vol. 2: Trio","Big World Music, Big World Music","CD, Album",8.0,Near Mint (NM or M-),Near Mint (NM or M-)
Jane Birkin,Baby Alone In Babylone,Philips,"LP, Album, PG ",6.0,Very Good (VG),Good Plus (G+)
John Littlejohn,Dream,MCM Blues Records,"LP, Album",30.0,Very Good Plus (VG+),Very Good (VG)
Johnny Winter with Calvin Johnson (4),Raw To The Bone,Sky Ranch Records,"CD, Album",10.0,Near Mint (NM or M-),Near Mint (NM or M-)
The KLF / Jive Bunny And The Mastermixers,Mu Mu Mix / That's What I Made,Black Wax,"12"", Unofficial",7.0,Near Mint (NM or M-),Generic
Les Double Six,Rencontrent Quincy Jones,"Open (3), Open (3)","LP, Album, RE, Gat",15.0,Very Good Plus (VG+),Very Good Plus (VG+)
Liima (2),ii,4AD,"LP, Album, Neo",12.0,Mint (M),Mint (M)
M (2),Pop Muzik (The 1989 Re-Mix),Phonogram,"12"", Single",6.0,Very Good Plus (VG+),Very Good Plus (VG+)
Manu Chao,Radio Bemba Sound System,Because Music,"CD, Album, RE, Dig",8.0,Near Mint (NM or M-),Near Mint (NM or M-)
Marilyn Manson,Lest We Forget - The Best Of,Interscope Records,"CD + DVD-V, PAL + Comp, Dlx",12.0,Near Mint (NM or M-),Very Good Plus (VG+)
Michael Brecker,Nearness Of You (The Ballad Book),Verve Records,"CD, Album",8.0,Near Mint (NM or M-),Very Good Plus (VG+)
Michael Brecker,Pilgrimage,EmArcy,"CD, Album",7.0,Near Mint (NM or M-),Near Mint (NM or M-)
Michael Brecker Quindectet,Wide Angles,Verve Records,"CD, Album",8.0,Near Mint (NM or M-),Near Mint (NM or M-)
Moby,Disco Lies,"Mute, Mute","12"", Single",35.0,Near Mint (NM or M-),Near Mint (NM or M-)
Muddy Waters & Howlin' Wolf,Muddy & The Wolf,Chess,"LP, Comp, Eur",20.0,Very Good Plus (VG+),Very Good Plus (VG+)
Prefab Sprout,Jordan: The Comeback,"CBS, Kitchenware Records","LP, Album",17.0,Near Mint (NM or M-),Very Good Plus (VG+)
Public Image Limited,This Is Not A Love Song,"Virgin, Virgin","12"", Single, RE, Whi",10.0,Very Good Plus (VG+),Very Good Plus (VG+)
Serge Gainsbourg & Jane Birkin,Jane Birkin - Serge Gainsbourg,"Mercury, Universal Music France","LP, Album, RE",18.0,Near Mint (NM or M-),Near Mint (NM or M-)
Siouxsie & The Banshees,Tinderbox,"Polydor, Wonderland (3)","CD, Album, RP",10.0,Very Good (VG),Near Mint (NM or M-)
Sixun,"Live 2009, Live In Marciac",Futur Acoustic,"CD, Album + DVD-V",32.0,Near Mint (NM or M-),Very Good Plus (VG+)
The Sonics,Sinderella,"Line Records, Line Records, BOMP!, BOMP!","LP, Album",15.0,Very Good Plus (VG+),Very Good (VG)
The Southern Death Cult,Southern Death Cult,Beggars Banquet,"LP, Comp",20.0,Very Good Plus (VG+),Very Good Plus (VG+)
These Arms Are Snakes,Tail Swallower And Dove,Suicide Squeeze,"CD, Album, Dig",7.0,Mint (M),Near Mint (NM or M-)
The Tony Williams Lifetime,Emergency!,Verve Records,"CD, Album, Comp, RE, RM",8.0,Near Mint (NM or M-),Near Mint (NM or M-)
Vanessa Paradis,Variations Sur Le Même T'Aime,Polydor,"LP, Album, gat",10.0,Very Good (VG),Very Good Plus (VG+)
Various,Broadside Ballads Vol. 6: Broadside Reunion,"Folkways Records, Broadside Records","LP, Album, Comp, Blu",15.0,Very Good Plus (VG+),Very Good Plus (VG+)
Various,Eurythmix II,Black Wax,"12"", Unofficial",8.0,Very Good Plus (VG+),Very Good (VG)
Various,Festival International Du Film Cannes 1979,Not On Label,"LP, Comp",20.0,Very Good Plus (VG+),Very Good Plus (VG+)
"Wolfgang Amadeus Mozart / Pilar Lorengar • Cristina Deutekom • Stuart Burrows • Dietrich Fischer-Dieskau • Hermann Prey • Martti Talvela / Wiener Staatsopernchor • Wiener Philharmoniker, Georg Solti",Die Zauberflöte = The Magic Flute = La Flûte Enchantée,Decca,"3xCD, Album, RE, RM + Box, Sli",10.0,Mint (M),Very Good Plus (VG+)
XTC,The Disappointed,"Virgin, Virgin","10""",6.0,Very Good Plus (VG+),Very Good Plus (VG+)
Alan Vega,Mutator,Sacred Bones Records,"LP, Album",25.0,Mint (M),Mint (M)
Astrud Gilberto,I Haven't Got Anything Better To Do,Verve Records,"LP, Album, RE",10.0,Very Good Plus (VG+),Very Good Plus (VG+)
Banteay Ampil Band,សេរីភាព - Cambodian Liberation Songs ,"Akuphone, Akuphone","LP, Album, RE",18.0,Mint (M),Mint (M)
Byron Lee And The Dragonaires,The Sounds Of Jamaica,Dynamite! (2),"LP, Album",10.0,Very Good Plus (VG+),Near Mint (NM or M-)
Candela (2),Salsa,Portobello,"LP, Album",10.0,Very Good Plus (VG+),Very Good Plus (VG+)
Cesaria Evora,Cabo Verde,"Lusafrica, RCA, Sony Music, Legacy","2xLP, Album, RE",27.0,Mint (M),Mint (M)
Cesaria Evora,Cesaria,"Lusafrica, Sony Music, Legacy, RCA","2xLP, Album, RE",25.0,Mint (M),Mint (M)
Chagrin D'Amour,Chagrin D'Amour,Barclay,"LP, Album",10.0,Very Good Plus (VG+),Good Plus (G+)
Chiemi Eri,Chiemi Eri,Akuphone,"LP, Comp",26.0,Mint (M),Mint (M)
David Bowie,Rare,RCA,"LP, Comp",10.0,Very Good (VG),Very Good Plus (VG+)
"Dindo Yogo, Papa Ringos",Prix Nobel De La Paix 85,Shouki Productions,"LP, Album",10.0,Very Good Plus (VG+),Very Good (VG)
The Doors,L.A. Woman,"Elektra, Elektra","LP, Album, RE, 180",16.0,Very Good Plus (VG+),Very Good Plus (VG+)
Downpilot,This Is The Sound,Tapete Records,"LP, Album + CD, Album",14.0,Near Mint (NM or M-),Near Mint (NM or M-)
The Dwarfs of East Agouza,Rats Don't Eat Synthesizers,Akuphone,"LP, Album, Ltd",24.0,Mint (M),Mint (M)
Fela Kuti,Teacher Don't Teach Me Nonsense,Barclay,"2xLP, Album, Gat",22.0,Very Good Plus (VG+),Near Mint (NM or M-)
Jean Fernand Daniel,"Le M'Zab (Ghardaïa, Oasis Du Désert)",Arion,"LP, Album",8.0,Very Good Plus (VG+),Very Good Plus (VG+)
Jo Bisso,Love Somebody,Music For Pleasure,"LP, RE",6.0,Very Good (VG),Very Good (VG)
João Gilberto,João Gilberto Prado Pereira De Oliveira / Especial,"WEA, WEA","LP, Album",8.0,Very Good (VG),Good Plus (G+)
John Laus,Xalar Fil-Karnival,Center Records,LP,20.0,Very Good Plus (VG+),Very Good (VG)
The Kars,Mazina (African Songs Of Yesterday And Today),Apollo Sound,LP,8.0,Very Good Plus (VG+),Very Good (VG)
Kim Fowley,Love Is Alive And Well,Klimt Records,"LP, Album, RE",12.0,Very Good Plus (VG+),Near Mint (NM or M-)
Ko Shin Moon,Ko Shin Moon,Akuphone,"LP, Album",18.0,Mint (M),Mint (M)
Les Difficiles de Petion-Ville,Coq Qualite,Superstar Records (2),"LP, Album",45.0,Very Good Plus (VG+),Very Good (VG)
Lokassa Ya Mbongo,Adiza,"Syllart Records, Syllart Records, Syllart Production","LP, Album",19.0,Very Good Plus (VG+),Very Good Plus (VG+)
Malopoets,Malopoets,EMI America,"LP, Album",5.0,Very Good Plus (VG+),Very Good (VG)
Mandingo (6),The Primeval Rhythm Of Life,"Columbia, Columbia","LP, Album",12.0,Very Good (VG),Very Good Plus (VG+)
Manfred Mann,Mann Made,"Regal, Regal, Starline, Starline","LP, Album, RE",15.0,Near Mint (NM or M-),Very Good Plus (VG+)
Manfred Mann,The Best Of Manfred Mann,EMI,"LP, Comp, RE",19.0,Very Good Plus (VG+),Very Good Plus (VG+)
Manu Dibango,Surtension,Garima Records,LP,5.0,Very Good (VG),Very Good Plus (VG+)
Maurice Bitter,Tombouctou,Musidisc,"LP, RE",8.0,Very Good Plus (VG+),Very Good Plus (VG+)
Miles Davis,We Want Miles,CBS,"2xLP, Album, RE, Gat",16.0,Near Mint (NM or M-),Near Mint (NM or M-)
Milva & Astor Piazzolla,Live At The Bouffes Du Nord,"Polydor, Metronome","LP, Album",10.0,Very Good Plus (VG+),Very Good Plus (VG+)
Mory Kanté,Akwaba Beach,Barclay,"LP, Album",7.0,Very Good Plus (VG+),Very Good Plus (VG+)
Mushapata,Saba-Saba Fighting,Akuphone,"12"", EP, Comp",12.0,Mint (M),Mint (M)
Orquesta Aragon,Danzones De Ayer Y De Hoy,Discuba,"LP, Album, Mono, RP, Hig",10.0,Very Good Plus (VG+),Very Good Plus (VG+)
Os Originais Do Samba,O Samba É A Corda... Os Originais A Caçamba,RCA Victor,"LP, Album",10.0,Very Good (VG),Very Good Plus (VG+)
Philippe DeBarge With The Pretty Things,Rock St. Trop,Madfish,"LP, Album, 180",20.0,Mint (M),Mint (M)
Pierre Belkos,Elégance Soukouss,Jimmy's International Production,"LP, Album",10.0,Very Good (VG),Very Good (VG)
Prince,"Sign ""O"" The Times","Warner Records, NPG Records, The Prince Estate, Paisley Park","2xLP, Album, Ltd, RE, RM, Pea",35.0,Mint (M),Not Graded
Rodion G. A.,Misiunea Spațială Delta,"Strut, Future Nuggets, Ambassador's Reception","12"", Ltd",9.0,Very Good Plus (VG+),Near Mint (NM or M-)
Sam Mangwana,Maria Tebbo,Systeme Art Musique,"LP, Album",10.0,Very Good Plus (VG+),Very Good (VG)
Sébastien Tellier,L'Aventura,Record Makers,"2xLP, Album, Gat",22.0,Near Mint (NM or M-),Near Mint (NM or M-)
Sérgio Mendes,Alegria,WEA,"LP, Album",10.0,Near Mint (NM or M-),Very Good Plus (VG+)
Sivuca,Som Brasil,Young,"LP, Album",8.0,Very Good Plus (VG+),Very Good Plus (VG+)
Snowboy & The Latin Section,Something's Coming,Acid Jazz,"LP, Album",10.0,Very Good Plus (VG+),Very Good Plus (VG+)
Sothy,Lam Seung!!!.. Chansons Laotiennes,Akuphone,"12"", EP, RE",12.0,Mint (M),Mint (M)
Various,Jerk Boom Bam! Vol 7,Jerk Boom! Bam! Records,"LP, Comp",16.0,Mint (M),Mint (M)
Various,Jerk Boom Bam! Vol 8,Jerk Boom! Bam! Records,"LP, Comp",16.0,Mint (M),Mint (M)
Various,Jerk Boom Bam! Vol 9,Jerk Boom! Bam! Records,"LP, Comp",16.0,Mint (M),Mint (M)
Various,Midem Sampler,"Trip Jazz, UpFront Records (3), Springboard","2xLP, Smplr",15.0,Near Mint (NM or M-),Near Mint (NM or M-)
Various,Music of Southern Laos,Akuphone,"LP, Comp",18.0,Mint (M),Mint (M)
Various,Rockinitis Vol. 3,Stag-O-Lee,"LP, Comp",16.0,Mint (M),Mint (M)
Various,Rockinitis Volume One - Electric Blues From The Rock 'N' Roll Era,Stag-O-Lee,"LP, Comp",16.0,Mint (M),Mint (M)
Various,Shake-O-Rama Vol. 2,Jukebox Music Factory,"LP, Comp + CD, Comp",20.0,Mint (M),Mint (M)
Various,Sri Lanka (The Golden Era Of Sinhalese And Tamil Folk-Pop Music),Akuphone,"2xLP, Comp",24.0,Mint (M),Mint (M)
Various,The Gamelan Of The Walking Warriors : Gamelan Beleganjur and the Music of the Ngaben Funerary Ritual in Bali,Akuphone,"LP, Album",25.0,Mint (M),Mint (M)
Various,The Jerk Boom! Bam! Vol 3 - Girls Round 1,Jerk Boom! Bam! Records,"LP, Comp",16.0,Mint (M),Mint (M)
Various,The Jerk Boom! Bam! Vol. 5 Greasy Rhythm N' Blues And Nasty Soul Party,Jerk Boom! Bam! Records,"LP, Comp",16.0,Mint (M),Mint (M)
Various,The Rough Guide To Voodoo,World Music Network,"LP, Comp, Ltd",10.0,Very Good (VG),Very Good (VG)
Yma Sumac,Legend Of The Jivaro,Capitol Records,"LP, Album, Mono, RE",8.0,Very Good (VG),Very Good Plus (VG+)
محمد حمام = محمد حمام,والله لبكره بيطلع النهار = Demain Le Jour Se Lèvera...,Le Chant Du Monde,"LP, Album",8.0,Very Good Plus (VG+),Very Good Plus (VG+)
? & The Mysterians,96 Tears,"Cameo Parkway (2), Cameo Parkway (2), Cameo Parkway (2), Cameo Parkway (2)","LP, Album, RE, Unofficial",18.0,Mint (M),Mint (M)
AC/DC,Iron Man 2,"Columbia, Columbia, Marvel, Albert Productions, Sony Music","2xLP, Comp, 180",21.0,Near Mint (NM or M-),Near Mint (NM or M-)
Ashra,Belle Alliance,"Virgin, Virgin","LP, Album",18.0,Very Good Plus (VG+),Near Mint (NM or M-)
Bananagun,The True Story Of Bananagun,Full Time Hobby,"LP, Album",22.0,Mint (M),Mint (M)
Brian Auger,Faces And Places Vol. 10,BYG Records,"LP, Comp",15.0,Near Mint (NM or M-),Very Good Plus (VG+)
Chuck Berry,Chuck Berry's Golden Decade (The Original Two Albums),Chess,"2xLP, Comp, Gat",12.0,Very Good Plus (VG+),Very Good Plus (VG+)
Comeback Kid,Broadcasting...,Victory Records,"LP, Album, Kha",19.0,Near Mint (NM or M-),Near Mint (NM or M-)
Dark Tranquillity,We Are The Void,Century Media,"LP, Album",60.0,Very Good Plus (VG+),Near Mint (NM or M-)
Depeche Mode,Violator,"Legacy, Mute, Sony Music","LP, Album, RE, RM, Gat",28.0,Mint (M),Mint (M)
Deutsch Amerikanische Freundschaft,Für Immer,Grönland Records,"LP, Album, RE",17.0,Mint (M),Mint (M)
The Flamin' Groovies,Now,Philips,"LP, Album",15.0,Very Good Plus (VG+),Very Good (VG)
Frankie Goes To Hollywood,Welcome To The Pleasuredome,"Island Records, ZTT","2xLP, Album",20.0,Very Good Plus (VG+),Near Mint (NM or M-)
Julie Driscoll,Faces And Places Vol. 9,"BYG Records, BYG Records","LP, Comp",15.0,Near Mint (NM or M-),Very Good Plus (VG+)
Klaus Nomi,Klaus Nomi ,"RCA, RCA","LP, Album",15.0,Near Mint (NM or M-),Very Good Plus (VG+)
The KVB,Only Now Forever,Invada,"2xLP, Album, Cle",24.0,Mint (M),Mint (M)
Los Ninos,Cantos de la Revolucion Mejicana	,DOM (2),LP,10.0,Near Mint (NM or M-),Very Good (VG)
Nina Hagen,Nunsexmonkrock,CBS,"LP, Album",10.0,Very Good Plus (VG+),Very Good (VG)
The Pretty Things,Greatest Hits 1964-1967,Philips,"2xLP, Comp, Mono",25.0,Near Mint (NM or M-),Very Good Plus (VG+)
Rage Against The Machine,No Shelter,Epic,"7"", Single, Promo, Red",17.0,Very Good (VG),Very Good Plus (VG+)
Slayer,Hell Awaits,Back On Black,"LP, Album, RE, RM, Red",28.0,Very Good Plus (VG+),Very Good Plus (VG+)
Slipknot,Before I Forget,Roadrunner Records,"7"", Single, Ltd, Pic, 2/2",22.0,Near Mint (NM or M-),Very Good Plus (VG+)
Slipknot,Before I Forget,Roadrunner Records,"7"", Single, Ltd, Pic, 1/2",22.0,Near Mint (NM or M-),Very Good Plus (VG+)
The Smiths,Meat Is Murder,Rhino Records (2),"LP, Album, RE, RM",25.0,Mint (M),Mint (M)
Snowboy & The Latin Section,The Best Of Snowboy & The Latin Section,Acid Jazz,"LP, Comp",15.0,Very Good Plus (VG+),Very Good Plus (VG+)
Stray Cats,Gonna Ball,Arista,"LP, Album",8.0,Very Good Plus (VG+),Very Good (VG)
The Warriors (6),War Is Hell (Redux),Eulogy Recordings,"LP, Album, Blu",55.0,Near Mint (NM or M-),Very Good Plus (VG+)
Kool & The Gang,Open Sesame,Carosello,"LP, Album",18.0,Very Good Plus (VG+),Very Good (VG)
Spirit (8),The Best Of Spirit,Epic,"LP, Comp",10.0,Near Mint (NM or M-),Very Good Plus (VG+)
The Son Seals Blues Band,The Son Seals Blues Band,"Sonet, Alligator Records","LP, Album",22.0,Very Good Plus (VG+),Very Good Plus (VG+)
Roland Kirk,Three For The Festival,Mercury,"7""",15.0,Very Good Plus (VG+),Very Good (VG)
Grand Funk Railroad,Shinin' On,Capitol Records,"LP, Album, Win",20.0,Very Good Plus (VG+),Very Good Plus (VG+)
Queen,A Day At The Races,EMI,"LP, Album, Gat",15.0,Very Good (VG),Very Good (VG)
Queen,Sheer Heart Attack,"EMI, EMI Electrola","LP, Album, RE",15.0,Very Good (VG),Very Good Plus (VG+)
Supertramp,Paris,A&M Records,"2xLP, Album",20.0,Very Good Plus (VG+),Very Good Plus (VG+)
Supertramp,Breakfast In America,A&M Records,"LP, Album",18.0,Very Good Plus (VG+),Very Good Plus (VG+)
Midnight Oil,Diesel And Dust,CBS,"LP, Album, Gat",17.0,Very Good Plus (VG+),Near Mint (NM or M-)
